subject,session,stim,answer,conf,correct,contrast,rt,points
1,1,2,2,0.576,1,2,1.087403567,1
1,1,1,1,0.713,1,2,0.764023114,2
1,1,2,1,0.78,0,1,0.791533549,1
1,1,1,1,0.644,1,2,1.035643309,2
1,1,1,1,0.707,1,3,0.652415594,3
1,1,2,2,0.73,1,1,0.564327742,4
1,1,1,1,0.838,1,1,0.689226997,5
1,1,1,1,0.616,1,1,0.60679996,6
1,1,1,1,0.7,1,2,0.81860501,7
1,1,2,1,0.684,0,1,0.602500134,8
1,1,2,2,0.782,1,3,0.687614213,9
1,1,1,1,0.619,1,3,0.732853463,10
1,1,2,1,0.608,0,2,0.562335517,9
1,1,2,1,0.629,0,2,0.614667051,8
1,1,2,1,0.607,0,1,0.505003108,9
1,1,1,1,0.629,1,1,0.640161306,10
1,1,1,1,0.62,1,1,0.59386617,11
1,1,2,2,0.67,1,1,0.564628229,12
1,1,2,2,0.671,1,3,1.096798705,13
1,1,1,1,0.77,1,3,0.782824304,14
1,1,2,2,1,1,1,0.658203428,15
1,1,2,2,0.767,1,3,0.611430883,16
1,1,2,2,0.824,1,1,0.670663775,17
1,1,1,2,0.972,0,1,0.669293642,16
1,1,1,2,0.927,0,1,1.068300695,15
1,1,1,1,1,1,2,0.749301649,16
1,1,1,2,0.778,0,2,0.928863867,17
1,1,1,2,0.647,0,2,1.030277867,16
1,1,1,1,0.817,1,3,1.007426855,17
1,1,1,2,0.601,0,1,1.049162278,18
1,1,1,1,0.593,1,2,0.979628245,19
1,1,1,2,0.908,0,2,0.734431792,18
1,1,2,2,0.817,1,3,1.051827447,19
1,1,1,2,0.714,0,1,1.397389555,18
1,1,2,2,0.766,1,2,0.878845501,19
1,1,2,2,0.634,1,1,0.829742717,20
1,1,1,1,0.803,1,2,0.718789826,21
1,1,1,2,0.501,0,3,2.382368711,20
1,1,1,1,0.654,1,1,0.902624988,21
1,1,2,2,0.901,1,3,0.790493847,22
1,2,1,1,0.605,1,2,0.832752379,1
1,2,1,2,0.703,0,1,0.617575276,0
1,2,2,2,0.501,1,3,1.477391479,1
1,2,2,2,0.501,1,3,0.427691261,2
1,2,2,2,0.501,1,1,0.661796679,3
1,2,2,2,0.501,1,2,0.222354743,4
1,2,1,2,0.501,0,3,0.665028043,3
1,2,2,2,0.501,1,2,0.647674755,4
1,2,2,2,0.501,1,2,4.945718068,5
1,2,1,2,0.501,0,1,1.914226814,6
1,2,1,2,0.501,0,3,0.453500712,7
1,2,2,2,0.501,1,1,1.776829806,8
1,2,1,2,0.501,0,2,0.89775809,9
1,2,1,2,0.501,0,2,1.04103187,8
1,2,2,2,0.501,1,3,0.497670789,9
1,2,1,2,0.501,0,3,1.369497693,8
1,2,2,2,0.501,1,3,0.300024193,9
1,2,2,2,0.501,1,2,0.250348117,10
1,2,2,2,0.501,1,1,0.292496586,11
1,2,1,2,0.501,0,3,0.46007586,10
1,2,1,2,0.501,0,1,0.749459308,9
1,2,1,2,0.501,0,2,0.3449247,8
1,2,1,2,0.501,0,3,0.133969759,7
1,2,1,2,0.501,0,1,1.614463898,6
1,2,1,2,0.501,0,1,1.005777287,5
1,2,1,2,0.501,0,3,0.768679043,6
1,2,1,2,0.501,0,3,0.732947946,5
1,2,1,2,0.501,0,3,0.13051388,6
1,2,1,2,0.501,0,2,2.735022231,5
1,2,2,2,0.501,1,1,2.802820912,6
1,2,1,2,0.501,0,1,1.276811825,5
1,2,1,2,0.501,0,3,0.732744322,6
1,2,2,2,0.501,1,3,0.59178353,7
1,2,1,2,0.501,0,1,0.316157885,6
1,2,2,2,0.501,1,2,0.330288534,7
1,2,1,2,0.501,0,1,0.666000259,8
1,2,1,2,0.501,0,2,0.303541214,9
1,2,1,2,0.501,0,1,0.223338861,10
1,2,2,2,0.501,1,2,0.202875426,11
1,2,1,2,0.501,0,3,0.412466766,12
1,3,1,2,0.501,0,2,0.43309587,1
1,3,1,2,0.501,0,2,0.248034601,2
1,3,1,2,0.501,0,2,4.217600247,1
1,3,2,2,0.501,1,2,0.655314478,2
1,3,2,2,0.501,1,3,0.823023729,3
1,3,1,2,0.501,0,3,0.946180257,2
1,3,2,2,0.501,1,3,5.37395872,3
1,3,2,2,0.501,1,2,2.796335352,4
1,3,1,2,0.501,0,3,1.101961612,5
1,3,1,2,0.501,0,1,0.685674875,4
1,3,1,2,0.501,0,3,0.282918952,3
1,3,1,2,0.501,0,3,1.147956783,4
1,3,2,2,0.501,1,1,0.456752275,3
1,3,1,2,0.501,0,2,6.760850186,4
1,3,2,2,0.501,1,3,1.558483678,5
1,3,1,2,0.501,0,3,2.338484737,6
1,3,1,2,0.501,0,2,0.627919398,5
1,3,2,2,0.501,1,1,4.430758861,4
1,3,1,2,0.501,0,3,1.396010104,3
1,3,1,2,0.501,0,3,3.006954774,2
1,3,1,2,0.501,0,1,1.812926031,1
1,3,2,2,0.501,1,1,0.936779283,2
1,3,2,2,0.501,1,1,2.599151825,1
1,3,1,2,0.501,0,1,3.179069693,2
1,3,1,2,0.501,0,2,0.67620221,1
1,3,1,2,0.501,0,2,0.678451899,0
1,3,1,2,0.501,0,2,0.818878367,1
1,3,1,2,0.501,0,1,0.981518306,2
1,3,1,2,0.501,0,3,0.633927848,1
1,3,1,2,0.501,0,1,1.01764581,0
1,3,2,2,0.501,1,3,2.11573722,1
1,3,1,2,0.501,0,2,1.207736643,2
1,3,2,2,0.501,1,1,3.49871861,3
1,3,2,2,0.501,1,2,0.702139456,4
1,3,2,2,0.501,1,1,0.516220772,5
1,3,2,2,0.501,1,3,1.177333367,6
1,3,1,2,0.501,0,2,0.494731948,7
1,3,1,2,0.501,0,1,0.830366789,6
1,3,1,2,0.501,0,3,0.759009579,5
1,3,2,2,0.501,1,1,1.427419207,6
10,1,1,1,0.984,1,1,2.914782416,1
10,1,2,2,1,1,1,2.120222998,2
10,1,2,2,0.991,1,3,1.957649431,3
10,1,1,1,0.999,1,2,1.336631636,4
10,1,1,1,0.98,1,1,2.165431069,5
10,1,1,1,1,1,2,1.60030542,6
10,1,2,2,1,1,1,1.529981288,7
10,1,1,1,1,1,1,1.239073623,8
10,1,2,2,1,1,2,1.295413032,9
10,1,2,2,1,1,3,1.54171583,10
10,1,1,1,0.989,1,3,1.706608101,11
10,1,1,1,1,1,2,1.311740671,12
10,1,2,2,1,1,2,1.676817604,13
10,1,1,1,0.993,1,3,1.4263568,14
10,1,2,2,0.982,1,3,1.162759067,15
10,2,1,1,0.569,1,1,1.68675164,1
10,2,1,1,0.904,1,3,1.45462932,2
10,2,1,1,0.627,1,2,1.494165564,3
10,2,1,2,1,0,1,1.284064903,2
10,2,1,1,1,1,1,1.24227727,3
10,2,1,1,0.533,1,1,1.427093399,4
10,2,2,1,0.648,0,1,1.621612778,3
10,2,2,2,0.82,1,2,1.510054937,4
10,2,1,1,0.998,1,3,1.499730646,5
10,2,1,1,1,1,2,1.392329923,6
10,2,2,2,1,1,2,1.394553034,7
10,2,1,1,0.591,1,1,1.637447602,8
10,2,1,1,0.87,1,3,1.085235896,9
10,2,2,2,1,1,3,1.035907268,10
10,2,1,1,0.851,1,3,1.845852639,11
10,2,2,2,0.589,1,3,2.166013864,12
10,2,2,2,0.773,1,3,1.311433972,13
10,2,2,1,0.52,0,3,1.846657438,12
10,2,2,2,0.514,1,1,1.805212674,13
10,2,2,2,0.655,1,1,1.181835526,14
10,2,1,2,0.548,0,1,1.856547109,15
10,2,2,2,0.828,1,1,1.44889792,16
10,2,2,2,0.7,1,2,1.113308821,17
10,2,1,1,0.56,1,3,1.389073931,18
10,2,1,1,0.542,1,1,1.01527016,19
10,2,1,2,0.589,0,1,1.19469657,18
10,2,2,1,0.525,0,1,1.036129127,17
10,2,1,1,0.693,1,3,1.021914212,18
10,2,2,2,0.857,1,2,1.158386152,19
10,2,2,2,0.738,1,2,1.091032299,20
10,2,1,1,0.759,1,3,1.384930787,21
10,2,2,2,0.56,1,1,1.955711672,22
10,2,2,2,0.522,1,3,1.304306279,23
10,2,2,2,0.551,1,3,1.091646656,22
10,2,2,1,0.558,0,1,0.979916762,21
10,2,1,1,0.86,1,3,2.296043259,22
10,2,1,1,1,1,3,1.171962085,23
10,2,2,2,0.766,1,3,1.350433211,24
10,2,1,1,1,1,3,0.859496232,25
10,2,1,1,0.571,1,2,1.667180985,26
10,3,1,1,1,1,2,1.450159761,1
10,3,2,1,0.522,0,2,1.282991205,2
10,3,2,2,1,1,2,0.809943092,3
10,3,2,2,0.748,1,3,2.196374455,4
10,3,1,1,0.795,1,2,1.646443949,5
10,3,2,2,1,1,1,1.07022618,6
10,3,2,2,1,1,2,0.836085207,7
10,3,2,2,0.676,1,2,1.126307956,8
10,3,1,1,1,1,2,0.842239534,9
10,3,2,2,1,1,2,0.980264477,10
10,3,1,1,1,1,3,0.743815844,11
10,3,2,2,1,1,2,0.68460964,12
10,3,2,2,1,1,3,0.653180569,13
10,3,2,2,0.73,1,1,1.524364545,14
10,3,1,1,1,1,3,0.680652811,15
10,3,2,2,1,1,1,0.945170966,16
10,3,1,2,0.666,0,1,0.948263139,15
10,3,2,2,0.934,1,1,1.450017676,16
10,3,2,2,1,1,3,1.090748712,17
10,3,1,1,1,1,1,1.055619192,18
10,3,2,2,1,1,2,1.079544741,19
10,3,2,2,0.6,1,1,1.024232402,20
10,3,1,1,0.54,1,3,2.31151147,21
10,3,2,1,1,0,3,2.820637769,20
10,3,1,2,0.754,0,1,1.654575415,19
10,3,1,1,1,1,3,0.732029754,20
10,3,2,2,1,1,3,0.673881838,21
10,3,1,1,1,1,1,0.697106761,22
10,3,1,1,1,1,2,1.12847856,23
10,3,2,2,1,1,2,0.773999776,24
10,3,2,2,0.554,1,3,1.153943263,25
10,3,1,1,1,1,3,0.741449823,26
10,3,2,2,1,1,2,0.753342205,27
10,3,1,1,1,1,3,0.719420462,28
10,3,2,2,1,1,3,1.100987117,29
10,3,2,2,0.792,1,1,1.658529907,30
10,3,1,2,0.822,0,1,2.417733485,29
10,3,1,1,1,1,2,0.723261865,30
10,3,1,1,0.654,1,1,2.246595601,31
10,3,2,2,0.92,1,1,1.823429957,32
11,1,2,2,0.985,1,2,2.016672701,1
11,1,1,1,0.994,1,3,2.036623801,2
11,1,1,1,1,1,3,1.787801483,3
11,1,2,2,1,1,3,1.789889515,4
11,1,2,2,0.981,1,3,1.70248144,5
11,1,2,2,0.989,1,3,1.796007157,6
11,1,2,2,1,1,3,2.406230837,7
11,1,2,2,1,1,2,1.246489215,8
11,1,2,2,0.981,1,2,1.374812815,9
11,1,2,2,0.915,1,1,2.977459911,10
11,1,2,2,0.997,1,1,1.411559714,11
11,1,1,1,1,1,3,1.18962538,12
11,1,1,1,0.993,1,3,2.550043656,13
11,1,2,2,1,1,3,1.506226535,14
11,1,1,1,0.992,1,2,1.198825545,15
11,2,1,2,0.909,0,1,2.154172306,-1
11,2,2,2,0.809,1,1,1.134062516,0
11,2,2,1,0.75,0,1,1.138878596,-1
11,2,1,2,0.967,0,3,1.088053648,-2
11,2,1,1,0.909,1,1,1.053708421,-1
11,2,1,2,0.818,0,1,0.916443717,-2
11,2,2,2,0.854,1,1,1.329649616,-1
11,2,1,1,1,1,3,0.928863464,0
11,2,1,1,1,1,1,0.998302902,1
11,2,2,2,1,1,2,0.761074982,2
11,2,2,2,0.758,1,2,1.148131354,3
11,2,1,1,1,1,2,0.737463981,4
11,2,2,2,1,1,3,0.790699998,5
11,2,2,2,1,1,2,0.905736822,6
11,2,2,2,1,1,2,0.910490217,7
11,2,2,2,1,1,2,0.772393763,8
11,2,2,2,1,1,2,0.665013803,9
11,2,2,1,1,0,2,0.936867751,8
11,2,2,2,1,1,3,0.636712507,9
11,2,1,1,1,1,2,0.734237327,10
11,2,1,1,1,1,1,0.747311387,11
11,2,1,2,1,0,1,0.672688854,10
11,2,1,1,1,1,1,0.864974181,11
11,2,1,1,1,1,2,0.703977713,12
11,2,2,2,1,1,3,0.646739679,13
11,2,2,1,1,0,1,0.657100139,12
11,2,1,1,0.917,1,3,0.703311306,13
11,2,2,1,0.947,0,3,0.89453635,12
11,2,1,1,0.773,1,2,0.68464509,13
11,2,1,1,0.86,1,1,1.254645982,14
11,2,1,1,1,1,3,0.708932143,15
11,2,1,1,1,1,3,0.707224714,16
11,2,2,1,0.776,0,2,1.257191047,15
11,2,1,1,1,1,2,0.737582722,16
11,2,2,2,1,1,1,0.709113697,17
11,2,2,2,1,1,2,1.14710135,18
11,2,2,2,1,1,3,0.831803204,19
11,2,2,2,1,1,3,0.971159326,20
11,2,2,2,1,1,3,0.646312181,21
11,2,2,1,1,0,1,0.74960016,20
11,3,1,1,1,1,1,1.242545049,1
11,3,2,2,1,1,2,1.168061375,2
11,3,1,1,1,1,3,0.684731883,3
11,3,1,1,1,1,3,0.684476076,4
11,3,1,1,1,1,2,0.628216551,5
11,3,2,2,1,1,2,0.605524716,6
11,3,1,1,1,1,2,0.61621908,7
11,3,1,1,1,1,1,0.609908846,8
11,3,1,1,1,1,1,0.605589164,9
11,3,1,1,1,1,1,0.533352693,10
11,3,2,1,1,0,1,0.653212446,9
11,3,1,1,0.696,1,1,0.910325261,10
11,3,2,1,1,0,1,0.674364422,9
11,3,2,2,0.781,1,2,0.795086488,8
11,3,1,1,0.859,1,3,0.750264396,9
11,3,2,2,0.913,1,2,1.114195197,10
11,3,2,1,0.872,0,2,0.944833113,9
11,3,1,2,0.894,0,2,0.812633641,8
11,3,1,1,0.885,1,1,1.191286763,9
11,3,2,2,0.878,1,2,1.01756514,10
11,3,2,2,0.91,1,3,1.090869563,11
11,3,1,1,0.955,1,1,0.980816893,12
11,3,2,2,0.868,1,1,0.948814168,13
11,3,2,2,0.795,1,3,0.936977144,14
11,3,1,1,0.75,1,2,0.845966775,15
11,3,2,2,0.923,1,1,0.935276176,16
11,3,2,2,0.711,1,1,0.893680293,17
11,3,1,1,0.93,1,3,0.868015871,18
11,3,1,1,1,1,3,1.051373015,19
11,3,2,2,0.911,1,1,1.028337583,20
11,3,1,2,1,0,1,0.822422141,19
11,3,1,1,1,1,1,0.639950088,20
11,3,1,1,0.708,1,2,0.880116549,21
11,3,1,1,0.866,1,3,0.783989505,22
11,3,1,1,0.923,1,2,1.050700398,23
11,3,1,1,0.791,1,3,1.211698008,24
11,3,1,1,0.873,1,2,1.237985847,25
11,3,2,1,0.841,0,2,1.101953236,24
11,3,1,2,0.762,0,1,2.356983209,23
11,3,2,1,0.808,0,1,0.869909577,22
12,1,2,2,0.989,1,3,5.364487816,1
12,1,2,2,1,1,2,1.751553468,2
12,1,2,2,1,1,3,2.731718498,3
12,1,1,1,1,1,2,2.222990659,4
12,1,1,1,0.989,1,1,2.029681154,5
12,1,2,2,1,1,1,1.821519426,6
12,1,1,1,1,1,3,2.678332976,7
12,1,1,1,1,1,3,1.739627218,8
12,1,1,1,1,1,1,1.566839714,9
12,1,2,2,1,1,1,1.420003211,10
12,1,2,2,0.991,1,2,1.636779757,11
12,1,1,1,1,1,2,1.491310461,12
12,1,1,1,1,1,1,1.322768704,13
12,1,1,1,0.99,1,1,1.191983098,14
12,1,2,2,1,1,1,1.288975514,15
12,2,1,2,1,0,2,3.729848376,-1
12,2,1,2,0.99,0,3,2.600109409,-2
12,2,2,2,0.504,1,2,1.336430229,-1
12,2,1,1,1,1,2,1.734335254,0
12,2,1,2,1,0,2,1.987188458,-1
12,2,1,2,1,0,1,1.885178334,-2
12,2,2,1,0.996,0,1,1.337323469,-3
12,2,1,1,0.653,1,2,0.935389805,-2
12,2,1,1,1,1,3,1.507292172,-1
12,2,2,1,0.778,0,3,1.345349137,-2
12,2,2,1,0.84,0,3,1.119135422,-3
12,2,1,2,0.832,0,3,0.818418416,-4
12,2,1,1,1,1,2,1.005276143,-3
12,2,1,1,1,1,1,0.959772543,-2
12,2,2,2,0.909,1,2,0.964029425,-1
12,2,2,1,1,0,3,1.663644031,-2
12,2,2,2,0.708,1,2,0.967783007,-1
12,2,1,1,0.921,1,3,0.842732161,0
12,2,1,1,1,1,3,0.819091599,1
12,2,2,2,0.837,1,1,1.309873343,2
12,2,2,1,1,0,2,0.88297393,1
12,2,2,1,0.903,0,3,0.355287622,0
12,2,2,2,1,1,2,0.376007717,1
12,2,2,1,1,0,2,0.707310594,0
12,2,1,1,0.902,1,1,0.450272423,1
12,2,1,2,1,0,1,0.907236654,0
12,2,2,1,0.923,0,2,0.632841146,-1
12,2,1,1,0.763,1,1,0.658599808,0
12,2,1,1,0.75,1,2,0.635955095,1
12,2,1,1,0.821,1,2,1.165918775,2
12,2,1,2,1,0,2,0.848886932,1
12,2,1,1,0.72,1,3,0.530055433,2
12,2,2,1,1,0,3,0.486979989,1
12,2,1,1,1,1,2,0.599109683,2
12,2,2,2,0.961,1,3,0.873205257,3
12,2,1,1,0.621,1,1,0.792226652,4
12,2,1,1,0.811,1,1,0.395313696,5
12,2,2,1,0.635,0,2,0.591175709,4
12,2,2,1,0.675,0,3,0.570230068,3
12,2,1,1,1,1,1,0.973694711,4
12,3,2,1,0.506,0,2,4.932192985,1
12,3,1,2,0.664,0,3,0.871326237,0
12,3,2,1,1,0,2,0.430983692,-1
12,3,1,1,1,1,1,1.488253385,0
12,3,2,1,0.709,0,1,0.568325513,1
12,3,1,1,0.823,1,3,0.523757273,2
12,3,2,2,0.836,1,1,0.521288143,3
12,3,2,1,0.955,0,3,0.430290996,2
12,3,2,1,0.525,0,1,0.624413185,1
12,3,1,1,1,1,3,0.714815855,2
12,3,2,2,1,1,3,0.568143653,3
12,3,2,1,0.95,0,2,0.492549693,2
12,3,1,2,0.792,0,1,0.404539959,1
12,3,2,2,1,1,3,0.166624578,2
12,3,1,1,0.809,1,1,0.259644121,3
12,3,1,1,0.542,1,1,2.028980874,2
12,3,1,2,1,0,2,1.182451358,1
12,3,1,1,1,1,2,0.216196561,2
12,3,2,2,0.644,1,3,0.641850251,1
12,3,2,1,1,0,1,0.740098205,0
12,3,2,1,1,0,1,0.160879214,-1
12,3,1,1,0.787,1,3,0.269566326,0
12,3,1,2,1,0,3,0.494379908,-1
12,3,1,1,1,1,1,3.324341196,0
12,3,1,1,0.993,1,2,1.279340492,1
12,3,1,2,0.776,0,1,1.174968183,0
12,3,2,2,0.932,1,3,0.737502535,1
12,3,1,1,0.979,1,1,0.52788236,2
12,3,2,1,0.774,0,1,0.900208237,1
12,3,2,1,0.706,0,2,0.411197206,2
12,3,2,1,0.705,0,1,0.462066611,1
12,3,1,1,0.777,1,2,0.343962146,2
12,3,2,1,0.655,0,1,0.325054288,1
12,3,1,1,0.821,1,2,0.410195678,2
12,3,2,1,0.924,0,1,0.572037696,1
12,3,2,2,0.513,1,1,0.503094079,0
12,3,1,1,0.772,1,2,0.423435768,1
12,3,2,2,0.69,1,2,0.393321202,2
12,3,1,1,0.598,1,2,0.300411845,3
12,3,1,2,0.725,0,1,0.266519748,2
13,1,1,2,0.508,0,1,2.145499384,-1
13,1,1,2,0.603,0,1,4.050576421,-2
13,1,1,1,0.595,1,1,2.024369256,-3
13,1,2,2,0.804,1,3,1.680946744,-2
13,1,2,2,0.996,1,3,1.278192818,-1
13,1,1,1,0.709,1,1,1.549946602,0
13,1,2,2,1,1,1,1.896948604,1
13,1,2,2,1,1,1,1.110710119,2
13,1,1,1,1,1,1,1.078393027,3
13,1,1,1,0.986,1,2,1.027643539,4
13,1,2,2,0.997,1,1,1.404980343,5
13,1,2,2,1,1,3,1.456495415,6
13,1,1,1,1,1,3,1.133755705,7
13,1,1,1,1,1,1,1.148401672,8
13,1,2,2,1,1,1,1.089036514,9
13,2,2,2,0.591,1,3,2.19350064,1
13,2,2,2,0.795,1,2,1.66240476,2
13,2,2,2,0.787,1,3,1.468486327,3
13,2,1,1,1,1,1,1.099035045,4
13,2,2,1,0.651,0,1,1.210060734,3
13,2,2,1,0.984,0,2,1.996945624,2
13,2,1,1,0.985,1,2,0.997223156,3
13,2,1,1,0.995,1,2,1.040482394,4
13,2,2,2,0.709,1,3,1.265628049,5
13,2,2,2,1,1,3,1.416040188,6
13,2,2,2,0.987,1,1,1.315168711,7
13,2,2,2,1,1,3,0.999786341,8
13,2,2,1,1,0,1,0.979694664,7
13,2,1,1,1,1,1,1.117571146,8
13,2,1,1,1,1,1,1.036250506,9
13,2,2,1,0.984,0,2,1.059827437,8
13,2,1,1,0.766,1,2,1.235915167,9
13,2,2,2,1,1,1,2.037691212,10
13,2,2,1,1,0,2,1.286378598,9
13,2,2,1,0.811,0,2,1.627286616,8
13,2,2,1,0.708,0,2,3.916368643,7
13,2,2,1,0.984,0,2,2.624148034,6
13,2,2,2,0.686,1,3,1.95082996,7
13,2,1,1,0.988,1,1,2.035449233,8
13,2,2,2,1,1,3,1.499024325,9
13,2,1,1,1,1,3,1.351775777,10
13,2,2,1,0.73,0,1,1.492988899,11
13,2,2,1,0.777,0,2,1.506299694,12
13,2,2,2,0.869,1,1,1.240517471,13
13,2,2,2,0.795,1,1,1.890063694,14
13,2,1,1,0.984,1,1,1.622060398,15
13,2,2,2,0.832,1,2,4.064287488,16
13,2,1,1,1,1,1,1.155874186,17
13,2,1,1,1,1,3,1.416345104,18
13,2,2,2,1,1,3,1.185282594,19
13,2,2,2,0.742,1,1,1.730924952,20
13,2,1,1,0.87,1,3,0.881598713,21
13,2,1,1,1,1,3,0.704091754,22
13,2,1,1,1,1,1,0.542121547,23
13,2,1,1,1,1,3,0.491099066,24
13,3,2,2,0.516,1,1,2.265906231,1
13,3,1,1,1,1,3,0.647761318,2
13,3,2,1,1,0,1,0.840547276,1
13,3,1,1,0.641,1,2,1.665064733,2
13,3,2,2,0.705,1,1,0.872551164,3
13,3,1,1,0.805,1,3,0.68875715,4
13,3,2,2,1,1,3,0.607726789,5
13,3,1,1,1,1,2,0.552565351,6
13,3,2,2,1,1,3,0.542423817,7
13,3,2,1,1,0,1,0.531437259,6
13,3,2,2,0.949,1,2,0.824764316,7
13,3,1,1,0.975,1,3,0.627612495,8
13,3,1,1,1,1,2,1.612448156,9
13,3,2,2,0.761,1,2,1.245424363,10
13,3,1,1,1,1,2,0.654584063,11
13,3,2,2,0.785,1,1,1.382164028,12
13,3,1,1,1,1,3,0.593992907,13
13,3,1,2,0.756,0,1,1.227433406,12
13,3,1,1,0.853,1,1,0.806078848,13
13,3,1,1,0.762,1,2,0.800073197,14
13,3,2,2,0.881,1,1,0.530123031,15
13,3,2,2,0.579,1,3,1.151263717,16
13,3,1,1,0.637,1,2,1.253859583,17
13,3,1,1,0.729,1,1,0.98682269,18
13,3,1,2,0.675,0,1,1.390604032,19
13,3,1,1,0.777,1,2,1.144839388,20
13,3,2,2,0.978,1,3,1.062054841,21
13,3,1,1,1,1,3,0.700457481,22
13,3,1,1,0.79,1,1,1.100148502,23
13,3,2,2,0.655,1,2,3.393876562,24
13,3,1,1,0.754,1,2,0.986011974,23
13,3,1,1,1,1,2,0.540836328,24
13,3,1,1,1,1,3,1.515118314,25
13,3,2,2,0.739,1,1,1.295679777,26
13,3,1,1,1,1,3,0.551549323,27
13,3,1,1,0.789,1,2,2.138048044,28
13,3,2,2,0.715,1,2,1.637017037,29
13,3,2,2,0.799,1,3,1.629555792,30
13,3,1,1,0.644,1,3,1.621926859,31
13,3,1,1,1,1,3,0.6307115,32
15,1,1,1,1,1,2,2.596739628,1
15,1,1,1,1,1,2,1.904502335,2
15,1,2,2,1,1,2,1.902436345,3
15,1,1,1,1,1,1,1.284448955,4
15,1,2,2,0.997,1,2,1.371133095,5
15,1,2,2,1,1,1,1.756623111,6
15,1,2,2,1,1,1,1.128854975,7
15,1,1,1,1,1,2,1.493379108,8
15,1,2,2,0.986,1,1,1.628006359,9
15,1,1,1,1,1,3,1.779988634,10
15,1,2,2,1,1,3,1.207105044,11
15,1,2,2,0.998,1,3,2.001617617,12
15,1,2,2,1,1,1,1.386988028,13
15,1,2,2,1,1,2,1.756853498,14
15,1,1,1,1,1,3,2.214458778,15
15,2,1,2,0.812,0,1,1.488250886,-1
15,2,1,2,0.724,0,1,1.232104124,-2
15,2,1,2,0.755,0,1,1.217832798,-3
15,2,1,1,0.711,1,1,1.290283446,-2
15,2,2,2,0.724,1,2,1.272884562,-1
15,2,2,2,0.827,1,2,1.215881504,0
15,2,2,1,0.882,0,1,1.034561127,-1
15,2,2,2,0.802,1,2,1.098166152,0
15,2,1,2,0.717,0,1,2.241962698,-1
15,2,2,2,0.752,1,1,1.02420963,0
15,2,2,2,0.793,1,3,1.539459466,1
15,2,1,2,0.753,0,1,1.582036367,0
15,2,1,1,0.788,1,2,1.242081148,1
15,2,1,1,0.71,1,2,1.696219354,2
15,2,1,2,0.724,0,3,1.318495536,1
15,2,1,2,0.746,0,1,1.197186693,2
15,2,2,2,0.772,1,3,0.960800004,3
15,2,2,2,0.749,1,1,1.483428168,4
15,2,2,2,0.748,1,3,1.07425078,5
15,2,2,2,0.914,1,3,1.688249079,6
15,2,1,1,0.872,1,2,1.399220415,7
15,2,1,1,0.717,1,1,1.257605891,8
15,2,1,1,0.802,1,3,1.304444502,9
15,2,2,2,0.662,1,2,1.7501291,10
15,2,1,1,0.831,1,3,1.241592796,11
15,2,1,1,0.857,1,1,1.32266596,12
15,2,2,2,0.654,1,1,1.320029945,13
15,2,2,2,0.611,1,1,1.947725631,14
15,2,1,1,0.677,1,1,1.336392901,15
15,2,1,1,0.769,1,1,1.517421514,16
15,2,1,1,0.687,1,1,1.315068377,17
15,2,1,1,0.872,1,2,1.079740635,18
15,2,1,1,0.585,1,1,1.158991924,19
15,2,1,1,0.64,1,3,1.459361744,20
15,2,1,1,0.745,1,1,1.681809346,21
15,2,1,2,0.742,0,2,1.448262285,20
15,2,2,2,0.621,1,1,1.809694423,21
15,2,1,2,0.74,0,3,1.753534115,22
15,2,1,2,0.675,0,3,1.638723848,23
15,2,1,1,0.72,1,3,1.301213722,24
15,3,2,2,0.728,1,3,2.051727699,1
15,3,1,1,1,1,1,1.18253529,2
15,3,1,1,1,1,3,0.961190826,3
15,3,2,2,1,1,1,0.772912449,4
15,3,2,2,1,1,3,0.712326005,5
15,3,2,2,1,1,1,0.813502874,6
15,3,2,2,1,1,2,0.77676022,7
15,3,1,1,1,1,1,0.683764934,8
15,3,1,1,1,1,3,0.651050389,9
15,3,2,2,1,1,2,0.676856085,10
15,3,2,1,1,0,1,0.547304134,9
15,3,1,1,1,1,3,0.648955328,10
15,3,1,1,1,1,2,0.681435637,11
15,3,1,1,1,1,3,0.714801011,12
15,3,2,2,0.736,1,1,1.343664971,13
15,3,2,2,0.685,1,1,1.243731917,14
15,3,1,1,1,1,3,0.709078642,15
15,3,2,1,0.74,0,1,1.290999717,14
15,3,1,1,1,1,1,0.794355086,15
15,3,1,1,0.684,1,2,1.187894728,16
15,3,1,1,1,1,2,0.807109543,17
15,3,1,1,1,1,3,0.721476495,18
15,3,2,2,0.893,1,3,1.301658593,19
15,3,1,1,1,1,3,0.677165323,20
15,3,2,2,1,1,3,0.803906099,21
15,3,1,1,1,1,3,0.662041653,22
15,3,1,1,1,1,2,0.77465649,23
15,3,1,2,0.689,0,2,0.865474158,22
15,3,2,1,0.802,0,3,1.050109702,23
15,3,1,1,0.887,1,3,0.666941886,24
15,3,2,2,0.572,1,1,1.675127203,25
15,3,2,2,0.705,1,2,0.969245028,26
15,3,2,2,0.674,1,3,0.949761707,27
15,3,1,1,0.786,1,2,0.921702422,28
15,3,2,1,0.701,0,1,0.790877486,27
15,3,2,2,0.803,1,3,1.041565783,28
15,3,2,2,1,1,3,0.931243698,29
15,3,2,2,0.75,1,2,0.944200955,30
15,3,1,1,0.882,1,3,0.875813911,31
15,3,1,1,0.763,1,3,0.860875533,32
16,1,1,2,0.609,0,2,10.39568398,-1
16,1,1,1,0.705,1,2,3.871384904,0
16,1,1,1,0.703,1,2,3.682761872,1
16,1,1,1,0.604,1,2,3.848837538,0
16,1,2,2,0.81,1,1,2.43822287,1
16,1,2,2,1,1,3,1.87533023,2
16,1,2,2,0.871,1,1,1.953800655,3
16,1,2,2,0.914,1,3,1.846213568,4
16,1,1,1,0.829,1,1,2.005090845,5
16,1,2,2,0.682,1,1,1.66200255,6
16,1,2,2,0.861,1,1,1.173658274,7
16,1,1,1,0.815,1,2,1.423461157,8
16,1,2,2,0.695,1,2,1.794012483,9
16,1,1,2,0.517,0,2,1.802167272,10
16,1,2,1,0.742,0,2,1.213976566,9
16,2,1,2,0.617,0,2,2.092820681,-1
16,2,1,1,0.802,1,2,1.746492393,0
16,2,1,1,0.755,1,3,1.358250091,1
16,2,1,1,0.702,1,2,1.033464208,2
16,2,1,1,0.742,1,3,2.794877734,3
16,2,2,2,0.85,1,3,1.115200068,4
16,2,1,1,0.537,1,3,1.145324346,5
16,2,1,1,0.79,1,3,1.181750353,6
16,2,2,2,0.723,1,1,2.23406908,7
16,2,1,1,0.787,1,3,0.770482503,6
16,2,1,1,0.519,1,3,1.333857372,7
16,2,2,2,0.705,1,1,0.730387371,8
16,2,1,1,0.793,1,3,1.479480479,9
16,2,2,2,0.737,1,3,0.901433573,10
16,2,1,1,0.585,1,3,0.619847762,11
16,2,1,1,0.784,1,3,0.719491677,12
16,2,2,2,0.668,1,3,0.747540094,13
16,2,1,1,0.826,1,2,1.209271263,14
16,2,2,2,0.74,1,1,1.131060276,15
16,2,1,1,0.753,1,3,0.815514247,16
16,2,2,2,0.664,1,1,0.866926447,17
16,2,1,2,0.581,0,2,0.755278908,18
16,2,2,2,0.6,1,3,1.262430917,19
16,2,2,2,0.676,1,2,0.982043287,20
16,2,2,2,0.663,1,3,0.986370155,21
16,2,1,2,0.626,0,2,0.955085884,22
16,2,1,2,0.627,0,2,1.719500996,23
16,2,2,2,0.518,1,3,0.965762354,24
16,2,1,1,0.555,1,1,1.41643966,25
16,2,1,2,0.551,0,2,0.937995532,24
16,2,2,1,0.555,0,2,0.88676653,23
16,2,2,2,0.61,1,3,0.661421523,24
16,2,1,1,0.588,1,3,0.999359409,25
16,2,1,1,0.703,1,2,1.54425813,26
16,2,1,2,0.637,0,1,1.085482977,25
16,2,1,2,0.521,0,1,1.652790175,26
16,2,1,1,0.702,1,3,0.900054428,27
16,2,1,2,0.507,0,1,1.450145537,26
16,2,2,1,0.514,0,1,0.803275215,27
16,2,1,1,0.762,1,1,1.116947925,28
16,3,1,1,0.85,1,3,2.735158028,1
16,3,1,1,0.882,1,3,0.879769033,2
16,3,2,2,0.719,1,3,1.19126276,3
16,3,2,2,0.803,1,1,1.523232462,2
16,3,2,2,0.821,1,3,1.191429312,3
16,3,2,2,0.924,1,3,1.31336317,4
16,3,2,2,0.841,1,3,0.983407728,5
16,3,1,1,0.874,1,1,0.881751928,6
16,3,2,2,0.847,1,3,1.049358737,7
16,3,2,2,0.685,1,2,0.967331193,8
16,3,1,2,0.622,0,3,0.811863691,7
16,3,2,2,0.747,1,1,0.82041326,8
16,3,2,2,0.782,1,2,0.974086499,9
16,3,2,2,0.677,1,3,0.922501698,10
16,3,1,1,0.703,1,3,0.887700985,11
16,3,1,1,0.731,1,2,0.958853553,12
16,3,1,1,0.804,1,3,0.969920283,13
16,3,2,1,0.544,0,3,1.495462905,12
16,3,2,1,0.514,0,3,1.828301803,11
16,3,1,1,0.883,1,3,1.309498232,12
16,3,2,1,0.607,0,1,1.298063719,13
16,3,2,2,0.735,1,2,0.967080046,14
16,3,2,2,0.819,1,3,0.930820526,15
16,3,2,1,0.528,0,1,1.271219341,16
16,3,1,1,0.554,1,2,0.831689117,17
16,3,1,1,0.592,1,1,0.791165468,18
16,3,2,2,0.569,1,1,1.147556145,19
16,3,1,2,0.534,0,3,1.11668689,20
16,3,2,2,0.786,1,3,1.027757114,21
16,3,2,1,0.516,0,2,1.523766771,20
16,3,1,2,0.501,0,2,0.586468641,21
16,3,2,2,0.547,1,3,0.826969456,22
16,3,2,2,0.571,1,2,0.990273367,23
16,3,2,2,0.646,1,3,0.744023287,24
16,3,2,2,0.565,1,2,1.573171971,23
16,3,2,2,0.54,1,3,1.24071859,24
16,3,1,1,0.576,1,1,0.816132099,25
16,3,1,1,0.603,1,2,0.769890836,26
16,3,1,1,0.533,1,2,0.789833226,27
16,3,1,1,0.682,1,3,0.991361563,28
18,1,1,1,0.998,1,1,4.2688764,1
18,1,2,2,1,1,3,2.022535433,2
18,1,1,1,1,1,2,2.296613983,3
18,1,1,1,0.987,1,2,1.710350179,4
18,1,2,2,1,1,2,2.002987046,5
18,1,2,2,0.998,1,2,2.138408874,6
18,1,2,2,0.981,1,3,1.462450446,7
18,1,2,2,0.998,1,3,2.390632567,8
18,1,2,2,0.99,1,1,1.728009151,9
18,1,2,2,1,1,3,1.85941937,10
18,1,1,1,0.995,1,3,2.105600938,11
18,1,2,2,1,1,3,1.438691366,12
18,1,1,1,0.989,1,3,1.598728514,13
18,1,2,2,0.995,1,2,1.866010695,14
18,1,2,2,0.999,1,1,1.918972253,15
18,2,1,2,0.706,0,1,3.346816095,-1
18,2,2,2,0.998,1,3,1.875437872,0
18,2,2,2,0.808,1,2,2.064546272,1
18,2,2,2,0.961,1,3,1.511922133,2
18,2,2,2,0.618,1,1,2.013671923,3
18,2,1,1,0.604,1,1,1.311142267,4
18,2,1,1,0.986,1,3,1.587241584,5
18,2,2,2,0.904,1,2,1.532762235,6
18,2,1,1,0.973,1,3,1.433304706,7
18,2,1,1,0.96,1,3,1.531516439,8
18,2,2,2,0.574,1,3,3.063665352,9
18,2,2,2,0.694,1,1,1.654807175,10
18,2,1,1,0.812,1,3,1.213458767,11
18,2,2,1,0.981,0,2,1.382382541,10
18,2,2,2,0.72,1,1,2.713930776,11
18,2,2,2,0.839,1,3,1.270417788,12
18,2,2,2,0.894,1,3,1.181595382,13
18,2,2,2,0.67,1,1,1.079703084,14
18,2,1,1,0.904,1,1,1.031247517,15
18,2,1,1,0.968,1,3,1.480709923,16
18,2,1,2,0.579,0,2,1.041436354,15
18,2,2,2,0.53,1,1,2.161186259,16
18,2,2,2,0.796,1,1,2.427294405,17
18,2,2,2,0.944,1,3,1.300012908,18
18,2,2,2,0.55,1,1,1.049832125,19
18,2,2,1,0.715,0,1,0.962719217,18
18,2,2,2,0.532,1,2,1.077370618,19
18,2,1,1,0.995,1,3,1.500671232,20
18,2,2,2,0.51,1,2,12.52391468,21
18,2,1,2,0.659,0,1,0.868160226,20
18,2,2,2,0.719,1,3,1.524278641,21
18,2,2,2,0.622,1,1,0.97749362,22
18,2,1,1,0.582,1,3,1.44539867,23
18,2,2,1,0.638,0,1,1.13239649,24
18,2,2,2,0.71,1,2,1.817848089,25
18,2,1,1,0.978,1,3,1.65884437,26
18,2,2,2,0.832,1,2,1.298185751,27
18,2,1,1,0.907,1,3,1.497181508,28
18,2,2,1,0.974,0,1,2.25517833,27
18,2,2,2,0.945,1,2,1.516427876,28
18,3,1,1,0.903,1,3,2.698719092,1
18,3,2,2,1,1,3,1.101544609,2
18,3,2,2,0.706,1,2,1.659473287,3
18,3,1,1,0.805,1,2,1.857920332,4
18,3,2,2,0.728,1,3,0.920897104,5
18,3,1,1,0.87,1,3,1.238821133,6
18,3,1,1,0.783,1,3,1.334667929,7
18,3,1,1,0.958,1,3,0.866789275,8
18,3,1,1,0.971,1,1,0.868151434,9
18,3,1,1,0.88,1,3,0.788386881,10
18,3,2,1,0.871,0,1,1.479219349,9
18,3,2,2,0.912,1,3,1.11746022,10
18,3,1,1,0.877,1,3,1.146895465,11
18,3,1,1,0.718,1,1,0.966627175,12
18,3,2,1,0.642,0,2,1.251688721,13
18,3,1,1,0.888,1,2,1.291556705,14
18,3,1,1,0.849,1,2,1.131054002,15
18,3,2,1,0.611,0,1,1.048423497,14
18,3,1,1,1,1,3,1.695413739,15
18,3,1,1,0.898,1,3,1.342191953,16
18,3,2,2,0.582,1,2,1.826995003,17
18,3,2,2,0.859,1,1,1.258540916,18
18,3,1,1,0.627,1,1,1.1305105,19
18,3,2,2,0.767,1,1,1.088195541,20
18,3,1,2,0.558,0,1,1.917426807,19
18,3,2,2,0.644,1,1,1.978403741,20
18,3,2,2,0.707,1,1,1.3317967,21
18,3,1,1,0.952,1,2,1.23379337,22
18,3,2,2,0.864,1,3,1.354088907,23
18,3,1,1,0.713,1,1,1.391736707,24
18,3,1,1,0.767,1,2,1.056944213,25
18,3,1,1,0.793,1,2,1.177214366,26
18,3,2,2,0.684,1,3,0.954492705,27
18,3,1,2,0.653,0,3,1.87911187,28
18,3,1,1,0.699,1,1,1.213632044,29
18,3,2,2,0.863,1,2,1.263678652,30
18,3,2,2,0.701,1,2,1.167945047,31
18,3,2,2,0.597,1,1,1.315801425,32
18,3,2,2,0.586,1,2,1.505926427,33
18,3,1,1,0.84,1,2,1.030655382,34
19,1,1,1,0.592,1,1,8.514643542,1
19,1,2,2,1,1,1,4.186977122,2
19,1,2,2,0.997,1,3,3.186206711,3
19,1,1,1,0.987,1,2,1.851530531,4
19,1,2,2,0.99,1,3,2.609825778,5
19,1,2,2,0.988,1,3,1.850516335,6
19,1,1,1,0.976,1,3,2.122034628,7
19,1,1,1,0.977,1,1,2.516954538,8
19,1,1,1,0.907,1,3,1.720759462,9
19,1,2,2,0.987,1,1,1.574075018,10
19,1,2,2,0.987,1,3,1.424815251,11
19,1,2,2,0.997,1,1,1.96873751,12
19,1,1,1,0.992,1,3,1.627499167,13
19,1,1,1,0.98,1,1,2.052144652,14
19,1,1,1,0.995,1,2,1.954142573,15
19,2,1,1,0.64,1,3,1.43596363,1
19,2,1,2,0.742,0,1,0.898434801,0
19,2,2,1,0.524,0,3,0.703747549,-1
19,2,2,2,0.573,1,1,0.759080115,-2
19,2,1,1,0.554,1,3,0.890805363,-1
19,2,1,2,0.53,0,3,0.632575384,0
19,2,2,2,0.603,1,3,0.779456728,1
19,2,1,1,0.648,1,3,0.998278189,2
19,2,2,1,0.528,0,1,1.313291294,3
19,2,2,2,0.825,1,2,1.255762511,2
19,2,1,1,0.617,1,1,0.767294914,3
19,2,2,1,0.539,0,1,0.890625491,4
19,2,1,2,0.76,0,1,0.904906635,5
19,2,2,2,0.754,1,3,0.976606186,6
19,2,2,1,0.57,0,2,0.747749019,5
19,2,1,1,0.938,1,3,1.358927192,6
19,2,2,2,0.915,1,1,0.972272556,7
19,2,1,1,0.981,1,3,0.958822217,8
19,2,1,1,0.844,1,3,0.898079715,9
19,2,1,1,0.872,1,3,0.920777363,10
19,2,2,2,0.995,1,2,0.999416242,11
19,2,2,2,0.911,1,2,1.058087018,12
19,2,2,2,0.959,1,3,0.985400464,13
19,2,1,2,0.604,0,1,1.661323628,12
19,2,2,1,0.607,0,3,0.7072311,11
19,2,2,2,1,1,1,0.793406484,12
19,2,1,1,0.559,1,1,1.773689011,13
19,2,1,2,0.762,0,3,0.839394526,12
19,2,1,1,0.524,1,1,1.087952087,13
19,2,2,2,0.734,1,3,0.677948165,14
19,2,1,1,0.92,1,3,0.870155245,15
19,2,2,2,0.956,1,1,0.870027726,16
19,2,1,1,0.542,1,1,1.252741051,17
19,2,2,2,0.779,1,3,0.822764541,18
19,2,1,1,0.66,1,2,0.767797534,19
19,2,1,2,0.9,0,1,0.77092683,18
19,2,1,1,0.597,1,2,0.55050999,19
19,2,1,2,0.511,0,2,0.828008125,18
19,2,1,1,1,1,2,1.030447649,19
19,2,2,2,1,1,3,1.022146371,20
19,3,1,1,1,1,2,1.185358089,1
19,3,1,2,0.999,0,1,1.068427458,0
19,3,1,1,0.894,1,3,0.8833775,1
19,3,2,2,0.656,1,2,0.819227817,2
19,3,1,1,0.628,1,3,0.581164067,3
19,3,1,1,0.799,1,2,0.703866928,4
19,3,1,1,0.761,1,2,0.951739591,5
19,3,1,1,0.775,1,2,0.931257081,6
19,3,1,1,0.765,1,1,0.793172636,7
19,3,1,1,0.839,1,1,0.788020512,8
19,3,2,2,0.901,1,2,0.814419949,9
19,3,1,1,0.847,1,3,0.545180992,10
19,3,1,1,0.927,1,2,0.764898554,11
19,3,1,1,0.593,1,1,0.577623216,12
19,3,2,2,0.821,1,1,0.765026851,13
19,3,2,2,0.759,1,3,0.730754556,14
19,3,1,1,0.812,1,1,0.719251464,15
19,3,2,2,0.724,1,2,1.805523906,16
19,3,2,1,0.985,0,1,0.862478604,15
19,3,2,2,0.821,1,1,0.764770189,16
19,3,1,2,0.713,0,3,1.402110245,15
19,3,1,1,0.806,1,1,0.651839939,16
19,3,1,1,0.593,1,1,0.595766518,17
19,3,1,1,0.69,1,3,0.47913975,18
19,3,2,2,0.903,1,1,0.999938855,19
19,3,1,1,0.808,1,1,0.593889079,20
19,3,2,2,0.795,1,3,0.565082025,21
19,3,1,1,0.896,1,2,0.722796666,22
19,3,2,2,0.959,1,1,0.56845197,23
19,3,2,2,0.638,1,2,1.164664074,24
19,3,2,2,0.811,1,2,0.710382821,25
19,3,1,1,0.821,1,1,0.660735812,26
19,3,1,2,0.769,0,3,0.621736065,25
19,3,2,2,0.779,1,1,0.630664914,26
19,3,1,1,0.831,1,1,1.01623243,27
19,3,2,2,0.838,1,3,1.306170501,28
19,3,2,1,0.649,0,1,0.761193962,29
19,3,1,2,0.618,0,2,0.971947488,30
19,3,1,1,0.67,1,2,1.111734169,31
19,3,1,2,0.788,0,2,0.861772204,30
2,1,1,2,0.501,0,1,4.455510523,-1
2,1,2,2,1,1,3,3.928148483,0
2,1,2,2,0.996,1,2,2.202518827,1
2,1,2,2,0.905,1,3,4.189432075,2
2,1,2,2,0.908,1,1,2.60359965,3
2,1,1,1,0.898,1,1,2.283995975,4
2,1,1,1,0.991,1,3,1.779432075,5
2,1,2,2,1,1,2,1.989770601,6
2,1,1,1,1,1,3,2.086411023,7
2,1,1,2,0.501,0,3,0.844776946,6
2,1,2,2,1,1,3,2.301668833,7
2,1,2,2,0.903,1,2,4.827892353,8
2,1,1,1,0.995,1,1,1.496121036,9
2,1,1,1,1,1,2,1.894281721,10
2,1,1,1,0.998,1,3,1.395613949,11
2,2,2,2,0.519,1,2,3.08375427,1
2,2,2,2,0.701,1,3,2.12731873,2
2,2,2,2,0.903,1,3,1.723757013,3
2,2,1,1,0.705,1,1,1.463805906,4
2,2,1,1,0.585,1,2,2.006238403,5
2,2,2,2,0.711,1,3,2.679655433,6
2,2,1,1,0.696,1,3,1.421836949,7
2,2,1,1,0.709,1,1,2.309362924,8
2,2,2,1,0.541,0,1,2.075267351,9
2,2,1,2,0.784,0,1,2.68834344,8
2,2,2,2,0.607,1,3,2.415223421,9
2,2,1,2,0.583,0,2,1.639091438,8
2,2,1,1,0.692,1,3,1.526408997,9
2,2,2,1,0.63,0,2,1.948010163,8
2,2,1,2,0.617,0,1,1.661752059,9
2,2,2,2,0.535,1,3,2.956887997,10
2,2,2,2,0.911,1,3,1.807468276,11
2,2,2,2,0.547,1,2,1.464356053,12
2,2,1,2,0.56,0,1,1.736521129,11
2,2,2,2,0.743,1,1,1.883610161,12
2,2,1,1,0.901,1,3,1.617767712,13
2,2,1,2,0.804,0,1,1.786348769,12
2,2,2,2,0.906,1,1,1.684208643,13
2,2,2,2,0.902,1,2,1.570878346,14
2,2,1,2,0.808,0,2,1.868934182,13
2,2,2,2,1,1,2,1.683989316,14
2,2,2,2,0.694,1,1,1.13229199,15
2,2,2,2,1,1,3,1.824465832,16
2,2,2,2,0.859,1,1,1.367011062,17
2,2,2,2,0.826,1,1,2.076885665,18
2,2,2,2,0.756,1,1,1.354876191,19
2,2,1,2,0.774,0,2,1.24611132,18
2,2,1,2,0.648,0,1,1.4619986,17
2,2,2,2,0.724,1,3,1.078167458,18
2,2,2,1,0.555,0,1,2.036582267,17
2,2,2,2,0.759,1,3,1.036853464,18
2,2,2,2,1,1,3,1.076065262,19
2,2,1,1,0.669,1,3,1.740114841,20
2,2,1,2,0.668,0,3,1.248313802,19
2,2,1,2,0.676,0,1,1.207684854,18
2,3,2,2,0.6,1,1,4.1703989,1
2,3,2,2,0.813,1,1,1.833828623,2
2,3,1,1,0.889,1,3,1.955730048,3
2,3,1,2,0.959,0,2,1.9572093,2
2,3,2,1,0.687,0,1,1.455284479,3
2,3,1,1,0.605,1,3,1.887838443,4
2,3,1,2,0.526,0,2,3.308961766,3
2,3,2,2,0.71,1,2,1.304743975,4
2,3,2,2,0.812,1,3,1.325937492,5
2,3,2,2,0.646,1,1,1.282092492,6
2,3,2,2,0.57,1,3,1.306158219,7
2,3,2,2,0.701,1,1,1.526897227,8
2,3,2,2,0.995,1,2,1.293164675,9
2,3,2,2,0.871,1,3,2.14724097,10
2,3,1,1,0.856,1,2,0.757873025,11
2,3,1,1,0.722,1,3,0.601279374,12
2,3,2,2,1,1,3,0.564083006,13
2,3,2,1,0.693,0,1,0.559887298,12
2,3,2,2,0.762,1,3,0.620656527,13
2,3,2,2,0.648,1,2,1.07877856,14
2,3,2,2,0.612,1,1,0.663817881,15
2,3,2,2,0.809,1,1,0.59978213,16
2,3,1,2,0.648,0,1,1.064782576,15
2,3,1,2,0.562,0,2,0.722235156,14
2,3,2,2,0.748,1,1,0.799881639,15
2,3,1,1,0.848,1,3,0.889526974,16
2,3,2,2,1,1,3,0.959919143,17
2,3,1,1,0.859,1,2,0.636095839,18
2,3,1,1,0.962,1,3,0.670928585,19
2,3,2,2,0.804,1,2,0.662178104,20
2,3,1,2,0.764,0,1,0.702701454,19
2,3,1,1,0.751,1,2,0.597364743,20
2,3,2,2,0.66,1,1,0.736420328,21
2,3,2,2,0.724,1,2,0.851953766,22
2,3,1,1,0.846,1,2,0.796356402,23
2,3,2,2,0.858,1,1,1.032470361,24
2,3,1,1,0.689,1,3,0.856307281,25
2,3,1,2,0.688,0,3,0.912863103,26
2,3,1,2,0.596,0,3,0.85517474,25
2,3,1,1,0.548,1,3,0.927503806,26
20,1,1,1,0.582,1,1,6.302330715,1
20,1,2,2,0.825,1,3,3.783917596,2
20,1,2,2,0.818,1,1,1.416469184,3
20,1,2,2,0.824,1,2,1.592656661,4
20,1,1,1,0.684,1,1,1.572142644,5
20,1,1,1,0.598,1,2,1.276802165,6
20,1,1,2,0.505,0,2,0.949407433,5
20,1,1,1,0.654,1,1,0.890025001,4
20,1,2,2,0.659,1,1,1.512734768,5
20,1,1,1,0.65,1,1,1.94246495,6
20,1,1,1,0.639,1,2,1.696386803,7
20,1,1,1,0.661,1,2,1.415358236,8
20,1,1,1,0.645,1,1,1.208604453,9
20,1,2,2,0.679,1,3,1.899334045,10
20,1,1,1,0.65,1,2,3.056773313,11
20,2,1,2,0.632,0,3,3.115077455,1
20,2,1,2,0.719,0,1,1.030467519,0
20,2,1,1,0.764,1,2,0.998778724,1
20,2,1,2,0.663,0,2,1.024586643,2
20,2,2,2,0.808,1,3,0.978610782,3
20,2,2,2,0.961,1,1,1.061516509,4
20,2,2,2,0.992,1,3,1.5336684,5
20,2,1,1,0.961,1,3,0.83393027,6
20,2,1,1,0.989,1,2,1.268722048,7
20,2,1,1,0.95,1,1,1.419617585,8
20,2,2,1,0.847,0,1,0.964317894,7
20,2,2,2,1,1,1,1.328332543,8
20,2,2,2,1,1,3,1.542655866,9
20,2,1,2,1,0,1,1.553853292,8
20,2,2,2,0.969,1,1,1.365906517,9
20,2,2,2,0.924,1,1,0.808915717,10
20,2,2,2,0.988,1,3,1.091910434,11
20,2,2,2,0.941,1,2,1.186497532,12
20,2,2,2,0.941,1,2,0.915322851,13
20,2,2,2,0.964,1,2,0.801928822,14
20,2,2,2,0.917,1,1,0.924611372,15
20,2,2,2,1,1,1,0.890053185,16
20,2,2,2,0.992,1,3,1.169133461,17
20,2,1,2,0.935,0,3,1.306832173,16
20,2,1,1,1,1,1,0.946245139,17
20,2,1,1,0.974,1,2,1.375229648,18
20,2,2,1,0.845,0,2,1.12790106,17
20,2,1,1,0.799,1,1,0.885738263,18
20,2,1,2,0.903,0,2,1.188588259,17
20,2,2,1,0.675,0,1,0.91080938,18
20,2,2,2,1,1,3,1.316556973,19
20,2,1,1,0.995,1,1,0.947429046,20
20,2,1,1,0.743,1,2,0.920205454,21
20,2,2,2,0.999,1,1,1.380558522,22
20,2,2,2,0.948,1,1,0.951413502,23
20,2,1,1,0.982,1,2,1.00447447,24
20,2,1,1,0.957,1,3,1.334005028,25
20,2,2,2,0.985,1,2,0.932130003,26
20,2,1,1,0.916,1,2,1.455787683,27
20,2,1,1,1,1,1,1.376832218,28
20,3,2,2,1,1,3,0.920900805,1
20,3,2,2,0.998,1,1,1.018471995,2
20,3,2,2,1,1,2,1.004332749,3
20,3,1,1,0.996,1,1,0.917886532,4
20,3,1,2,1,0,2,1.229373129,3
20,3,1,2,0.954,0,2,1.26256348,2
20,3,1,1,0.992,1,2,1.028267941,3
20,3,1,1,0.994,1,3,0.983263148,4
20,3,1,1,0.981,1,3,1.113039308,5
20,3,1,1,0.907,1,2,1.303468141,6
20,3,1,1,0.989,1,3,1.100386706,7
20,3,1,1,0.98,1,1,0.915999075,8
20,3,1,1,0.989,1,1,1.194279384,9
20,3,1,2,0.963,0,2,1.212578486,8
20,3,2,1,0.943,0,2,0.854799756,7
20,3,2,2,0.981,1,1,1.078692836,8
20,3,2,2,0.981,1,3,0.998028735,9
20,3,1,1,0.947,1,1,1.992004244,10
20,3,1,1,0.825,1,2,0.866214873,11
20,3,1,2,1,0,1,1.010195394,10
20,3,2,2,0.977,1,3,1.203522822,11
20,3,1,1,0.988,1,3,1.052565656,12
20,3,1,1,1,1,3,1.00546987,13
20,3,1,1,0.973,1,2,1.440073198,14
20,3,1,2,0.996,0,1,1.295101652,13
20,3,1,1,0.983,1,3,1.270145839,14
20,3,1,1,1,1,2,1.221833749,15
20,3,2,2,1,1,1,1.390172517,16
20,3,2,2,0.967,1,2,1.263482449,17
20,3,1,1,0.99,1,3,1.399981824,18
20,3,2,2,1,1,3,1.089192441,19
20,3,2,1,0.951,0,1,1.248504757,18
20,3,2,2,0.99,1,3,0.952233226,19
20,3,2,2,0.973,1,3,1.363498532,20
20,3,2,2,0.978,1,1,1.273076133,21
20,3,2,1,0.973,0,2,1.431463855,20
20,3,1,2,0.965,0,1,0.903585325,19
20,3,1,1,1,1,2,0.839326953,20
20,3,2,2,0.968,1,1,0.847960071,21
20,3,1,1,1,1,2,1.302824064,22
21,1,2,2,0.997,1,2,2.988004242,1
21,1,1,1,0.998,1,1,2.223123983,2
21,1,1,1,0.999,1,1,2.568218479,3
21,1,2,2,1,1,3,2.121780706,4
21,1,1,1,0.999,1,1,2.60449776,5
21,1,1,1,1,1,2,2.076922,6
21,1,2,2,1,1,2,2.715858329,7
21,1,2,2,1,1,2,2.639132719,8
21,1,2,2,1,1,3,2.7994302,9
21,1,1,1,0.997,1,3,2.143446158,10
21,1,1,1,0.999,1,2,2.387575351,11
21,1,1,1,1,1,1,2.2929981,12
21,1,2,2,1,1,3,2.159996956,13
21,1,2,2,0.998,1,3,1.604347952,14
21,1,2,2,0.995,1,2,2.412923762,15
21,2,2,2,0.998,1,2,1.674121077,1
21,2,2,2,0.501,1,2,0.862306011,2
21,2,1,1,1,1,3,1.551564483,3
21,2,2,1,0.501,0,2,1.313467745,4
21,2,1,1,0.824,1,1,1.080763209,5
21,2,2,2,0.781,1,3,1.168367535,6
21,2,1,1,0.5,1,2,1.563515063,5
21,2,2,2,0.882,1,2,1.078183691,6
21,2,2,2,0.819,1,3,1.662412696,7
21,2,2,2,0.925,1,3,1.149811423,8
21,2,1,1,0.879,1,3,1.274414956,9
21,2,2,2,0.941,1,2,1.153326977,10
21,2,2,2,0.604,1,1,1.219850504,11
21,2,2,2,0.985,1,1,0.90055142,12
21,2,2,2,1,1,2,1.013488659,13
21,2,2,2,0.501,1,1,1.110756699,14
21,2,2,2,1,1,3,0.842939166,15
21,2,2,2,0.501,1,2,0.917494522,16
21,2,1,1,0.948,1,2,1.016916066,17
21,2,2,2,1,1,3,0.835980345,18
21,2,1,2,0.507,0,2,2.110645595,17
21,2,2,2,1,1,3,0.715729085,18
21,2,2,2,0.805,1,2,0.768792236,19
21,2,1,2,0.881,0,2,0.90914216,18
21,2,2,2,1,1,1,0.818960311,19
21,2,2,2,1,1,2,0.901496299,20
21,2,1,1,0.501,1,1,0.963014215,21
21,2,2,2,0.617,1,1,2.592177276,22
21,2,1,1,0.7,1,2,0.94431859,23
21,2,1,1,0.935,1,1,0.925500853,24
21,2,2,2,0.807,1,2,0.962650441,25
21,2,1,2,0.501,0,1,0.966384921,24
21,2,1,1,0.672,1,2,1.05197173,25
21,2,1,2,0.898,0,1,2.522834627,24
21,2,1,1,0.504,1,1,1.175094061,25
21,2,1,2,0.501,0,1,0.578758445,24
21,2,2,2,0.889,1,1,1.110119295,25
21,2,1,1,0.949,1,1,1.468131526,26
21,2,2,2,1,1,2,0.908158627,27
21,2,1,1,1,1,2,1.337568183,28
21,3,1,1,1,1,2,2.637708215,1
21,3,2,1,1,0,1,1.371858487,0
21,3,2,2,0.968,1,2,1.116693272,1
21,3,1,1,1,1,1,0.876297688,2
21,3,2,2,1,1,1,0.843115188,3
21,3,2,2,1,1,2,0.883936266,4
21,3,2,2,1,1,3,0.817879066,5
21,3,2,2,0.791,1,3,1.291312955,6
21,3,2,2,1,1,3,0.707085318,7
21,3,1,1,1,1,2,0.985627365,8
21,3,2,2,1,1,2,1.187841462,9
21,3,1,1,1,1,3,0.766447786,10
21,3,2,2,0.841,1,1,1.091757704,11
21,3,2,2,0.87,1,2,0.85743692,12
21,3,2,2,0.917,1,3,0.769477965,13
21,3,1,1,0.722,1,2,2.278116212,14
21,3,2,2,0.936,1,2,0.95471081,15
21,3,1,1,0.884,1,2,0.983002934,16
21,3,2,2,0.87,1,2,0.882824406,17
21,3,2,2,0.826,1,1,0.874523802,18
21,3,1,1,0.91,1,3,0.905886845,19
21,3,1,1,0.859,1,2,3.335181969,20
21,3,2,2,0.914,1,1,1.402337509,21
21,3,2,2,0.824,1,1,0.996355898,22
21,3,1,2,0.812,0,1,1.398811777,21
21,3,2,2,1,1,3,0.849912816,22
21,3,2,2,0.957,1,3,1.08974577,23
21,3,2,1,0.647,0,2,1.920281671,22
21,3,2,2,0.868,1,2,0.699796127,23
21,3,2,2,0.846,1,1,1.188158319,24
21,3,2,2,0.918,1,2,0.829258094,25
21,3,2,2,0.852,1,1,1.07224141,26
21,3,1,1,0.766,1,2,1.519371228,27
21,3,1,1,0.875,1,1,1.146924132,28
21,3,1,2,0.638,0,2,1.505245523,29
21,3,2,2,0.976,1,2,0.797435375,30
21,3,1,2,0.914,0,1,1.159769648,29
21,3,2,1,0.642,0,1,2.445405617,28
21,3,2,2,0.74,1,1,1.324342904,29
21,3,2,2,0.745,1,1,1.168259923,30
22,1,2,2,0.979,1,3,2.495795156,1
22,1,2,2,0.994,1,3,2.967855442,2
22,1,1,1,1,1,2,1.578356186,3
22,1,2,2,0.993,1,3,1.541760641,4
22,1,1,1,1,1,3,1.633373123,5
22,1,2,2,0.999,1,3,1.304928541,6
22,1,2,2,0.99,1,1,1.783826492,7
22,1,2,2,0.997,1,3,1.505302803,8
22,1,2,2,1,1,1,1.791969645,9
22,1,1,1,0.996,1,1,1.145302546,10
22,1,1,1,1,1,3,1.733434732,11
22,1,2,2,0.994,1,1,1.577527727,12
22,1,2,2,0.987,1,3,1.372265437,13
22,1,1,1,0.999,1,1,1.383011554,14
22,1,2,2,0.995,1,2,1.6255635,15
22,2,1,1,0.797,1,3,2.50226201,1
22,2,2,2,0.902,1,2,2.273099914,2
22,2,1,2,0.602,0,2,1.463465193,1
22,2,1,1,0.692,1,3,1.957814907,2
22,2,1,2,0.555,0,3,1.441385064,3
22,2,2,2,0.778,1,3,1.385941722,4
22,2,2,2,0.527,1,1,3.004194124,5
22,2,2,2,0.545,1,3,0.819159628,6
22,2,1,2,0.57,0,2,2.723967335,5
22,2,1,1,0.55,1,2,1.903992148,4
22,2,1,1,0.57,1,3,0.989416718,5
22,2,1,1,0.571,1,1,2.032246196,6
22,2,2,2,0.608,1,3,1.208057317,7
22,2,1,2,0.602,0,1,1.98613625,6
22,2,1,2,0.501,0,3,1.964180947,7
22,2,1,1,0.578,1,3,1.183733462,8
22,2,1,2,0.549,0,3,2.000956914,7
22,2,2,2,0.609,1,1,1.570850292,8
22,2,1,1,0.593,1,3,1.334825349,9
22,2,1,1,0.539,1,2,1.626175663,10
22,2,1,2,0.537,0,1,1.346807323,9
22,2,1,1,0.553,1,2,1.127280345,10
22,2,2,2,0.683,1,2,1.268859028,11
22,2,2,2,0.671,1,3,1.156898322,12
22,2,2,2,0.667,1,1,1.352527675,13
22,2,2,2,0.573,1,2,1.212490583,14
22,2,1,2,0.809,0,2,1.44716903,13
22,2,1,1,0.531,1,1,1.789555552,14
22,2,1,1,0.567,1,3,1.111505717,13
22,2,2,2,0.631,1,3,1.094115963,12
22,2,1,1,0.524,1,3,0.796607144,13
22,2,2,2,0.553,1,2,0.840756922,14
22,2,2,2,0.565,1,2,1.071896555,15
22,2,1,2,0.523,0,1,1.792065737,14
22,2,1,1,0.732,1,3,1.377989359,15
22,2,2,2,0.743,1,1,1.348353566,16
22,2,1,2,0.623,0,1,0.984570085,15
22,2,1,2,0.632,0,2,1.017607777,14
22,2,1,1,0.632,1,2,0.876776096,15
22,2,1,2,0.514,0,1,1.205337886,14
22,3,1,1,0.637,1,1,1.538314907,1
22,3,1,1,0.646,1,1,1.180746704,2
22,3,1,1,0.595,1,3,1.328795794,3
22,3,1,1,0.613,1,2,1.110215123,4
22,3,1,1,0.868,1,3,0.909405754,5
22,3,2,2,0.834,1,3,1.067460758,6
22,3,2,1,0.592,0,2,2.004976056,5
22,3,1,1,0.706,1,2,1.13410508,6
22,3,2,2,0.782,1,3,2.556786008,7
22,3,2,2,0.823,1,2,0.959290749,8
22,3,2,1,0.604,0,1,1.356245024,7
22,3,1,2,0.709,0,2,1.144893874,6
22,3,2,2,0.57,1,1,0.83851527,7
22,3,1,1,0.551,1,3,0.951088106,8
22,3,2,1,0.572,0,1,0.909622029,9
22,3,1,1,0.543,1,1,0.771309459,10
22,3,1,1,0.549,1,1,0.943907518,11
22,3,2,2,0.901,1,3,0.941938656,12
22,3,2,2,0.691,1,2,1.249313018,13
22,3,1,1,0.727,1,1,0.955043229,14
22,3,2,2,0.79,1,2,1.071387909,15
22,3,2,2,0.706,1,2,0.976548502,16
22,3,1,1,0.662,1,3,0.851380791,17
22,3,1,1,0.653,1,3,1.158316332,18
22,3,1,1,0.601,1,3,0.69811037,19
22,3,1,1,0.686,1,1,1.248969636,20
22,3,1,2,0.527,0,1,2.250370362,19
22,3,1,2,0.525,0,2,1.899274233,18
22,3,2,2,0.931,1,3,1.008772732,19
22,3,1,1,0.643,1,2,0.724054564,20
22,3,1,1,0.524,1,3,1.689971049,21
22,3,2,2,0.717,1,2,1.089139748,22
22,3,1,1,0.653,1,1,0.695736254,23
22,3,2,2,0.675,1,1,0.991911795,24
22,3,2,2,0.547,1,1,0.85116377,25
22,3,1,2,0.553,0,2,0.940070844,24
22,3,2,2,0.796,1,3,0.881375959,25
22,3,2,1,0.578,0,1,1.026259601,24
22,3,2,2,0.675,1,2,1.194400519,25
22,3,1,2,0.551,0,2,1.142363028,26
3,1,1,1,1,1,1,3.33202083,1
3,1,1,1,1,1,3,3.107577208,2
3,1,1,1,0.999,1,2,1.887018035,3
3,1,1,1,0.999,1,2,1.580499348,4
3,1,1,1,1,1,1,2.976092427,5
3,1,1,1,1,1,1,1.815507225,6
3,1,1,2,0.501,0,2,1.353000648,5
3,1,2,2,0.507,1,1,3.341584395,6
3,1,1,1,1,1,1,2.239650086,7
3,1,2,2,0.999,1,3,2.102003116,8
3,1,1,1,1,1,3,1.938870659,9
3,1,1,1,1,1,2,1.87906109,10
3,1,2,2,1,1,3,1.5013111,11
3,1,1,1,1,1,2,1.483692447,12
3,1,1,1,1,1,3,1.890933987,13
3,2,2,2,0.997,1,3,1.421713825,1
3,2,2,1,0.699,0,2,1.316829801,0
3,2,1,1,1,1,3,1.050584687,1
3,2,2,2,1,1,1,0.930883251,2
3,2,1,1,1,1,2,0.840560135,3
3,2,1,2,0.709,0,1,1.426993786,2
3,2,2,2,1,1,3,0.907904184,3
3,2,2,2,0.741,1,1,1.552324564,4
3,2,1,1,0.649,1,1,1.557245084,5
3,2,2,2,0.793,1,1,1.353168912,6
3,2,2,2,1,1,3,0.892098638,7
3,2,1,2,0.501,0,3,3.338197048,6
3,2,1,1,0.689,1,2,1.349154895,7
3,2,1,1,0.691,1,3,1.176542685,8
3,2,1,1,0.583,1,1,2.626719615,9
3,2,2,2,0.639,1,2,1.60428027,10
3,2,1,2,0.6,0,1,1.749736818,9
3,2,1,1,0.696,1,1,1.30560588,10
3,2,1,2,0.638,0,2,1.182393844,9
3,2,1,1,0.626,1,2,1.257302462,10
3,2,2,2,1,1,3,0.977469017,11
3,2,2,2,0.616,1,1,1.051987645,12
3,2,1,1,0.726,1,1,0.988114115,13
3,2,1,1,0.806,1,3,1.054195799,14
3,2,1,1,0.78,1,1,0.989764912,15
3,2,1,2,0.692,0,2,1.104711899,14
3,2,1,1,0.727,1,2,0.990297652,15
3,2,2,2,1,1,3,1.001241355,16
3,2,2,2,1,1,2,0.980896448,17
3,2,2,2,0.601,1,3,1.376265387,18
3,2,2,2,1,1,1,0.954755344,19
3,2,1,2,0.613,0,2,1.109942022,18
3,2,1,2,0.735,0,2,0.98949661,17
3,2,2,2,1,1,2,0.927603839,18
3,2,2,2,0.803,1,2,1.724462973,19
3,2,2,2,0.982,1,3,0.936245068,20
3,2,1,1,0.608,1,2,1.485912581,21
3,2,2,2,1,1,3,0.876159383,22
3,2,1,2,0.726,0,2,1.330856961,23
3,2,2,2,0.699,1,1,1.351121499,24
3,3,2,1,0.606,0,2,2.807764726,-1
3,3,1,2,0.806,0,1,2.365123461,0
3,3,1,2,0.501,0,3,7.239957371,1
3,3,1,1,0.903,1,2,1.586893897,2
3,3,1,1,0.595,1,2,1.244990318,1
3,3,2,2,1,1,2,1.227098956,2
3,3,2,2,1,1,2,1.405423762,3
3,3,1,1,1,1,3,0.855875019,4
3,3,1,1,0.69,1,2,1.182723446,5
3,3,2,1,0.81,0,2,1.265836677,6
3,3,2,2,1,1,3,1.186872498,7
3,3,1,1,0.79,1,2,1.365128382,8
3,3,2,2,0.525,1,1,1.991384175,9
3,3,2,2,0.589,1,1,1.792919092,10
3,3,2,2,0.738,1,3,1.468186258,11
3,3,2,1,0.702,0,2,1.307771895,10
3,3,2,2,1,1,3,0.976742706,11
3,3,1,2,0.518,0,1,1.338823138,12
3,3,2,2,0.689,1,2,1.392592183,13
3,3,1,1,0.868,1,3,2.425210091,14
3,3,2,2,0.912,1,3,1.362398442,15
3,3,1,2,0.722,0,1,1.670345746,14
3,3,2,2,0.596,1,3,1.394096395,15
3,3,2,2,0.6,1,2,1.318160146,16
3,3,1,1,0.681,1,1,1.652166093,17
3,3,2,2,0.706,1,3,1.987155037,18
3,3,2,1,0.692,0,1,1.395227081,17
3,3,2,1,0.593,0,1,1.542090963,16
3,3,1,1,0.785,1,1,1.858645099,17
3,3,1,2,0.696,0,1,1.738311033,16
3,3,2,2,0.796,1,3,1.63664988,17
3,3,1,1,0.692,1,1,1.677212708,18
3,3,1,1,0.814,1,3,1.267291245,19
3,3,2,2,0.801,1,2,1.267942845,20
3,3,2,1,0.596,0,3,1.27474948,19
3,3,2,2,0.717,1,3,1.56197619,20
3,3,1,1,0.602,1,3,1.773647987,21
3,3,1,2,0.596,0,1,1.015246908,20
3,3,1,1,0.693,1,3,1.416529237,21
3,3,2,2,0.691,1,1,1.244081937,22
4,1,1,2,0.501,0,3,4.025618514,-1
4,1,2,2,0.901,1,2,2.613751218,0
4,1,1,1,0.896,1,2,2.276662104,1
4,1,2,2,1,1,2,2.010637105,2
4,1,1,2,0.607,0,1,3.675729195,1
4,1,1,1,0.601,1,3,1.911770326,2
4,1,2,2,1,1,2,1.837506747,3
4,1,2,2,1,1,2,4.230584562,4
4,1,2,2,1,1,3,1.770858528,5
4,1,2,2,0.998,1,2,2.157233588,6
4,1,2,2,1,1,1,1.753375506,7
4,1,2,2,0.997,1,2,1.587639492,8
4,1,2,2,1,1,2,1.757394292,9
4,1,2,2,0.998,1,2,1.680394075,10
4,1,1,1,0.994,1,3,1.687190365,11
4,2,1,2,0.782,0,1,4.762429508,1
4,2,1,2,0.938,0,1,1.432607253,0
4,2,2,2,0.596,1,3,0.92073733,1
4,2,2,2,0.501,1,1,0.959146569,2
4,2,1,2,0.85,0,1,1.273954704,1
4,2,1,2,0.959,0,1,0.865506211,0
4,2,2,2,0.978,1,3,1.513160067,1
4,2,1,2,0.501,0,1,0.781165521,2
4,2,1,2,0.661,0,1,0.808449293,1
4,2,1,1,0.578,1,1,6.09088009,2
4,2,2,2,0.586,1,1,1.61172277,3
4,2,2,2,0.995,1,3,2.476727778,4
4,2,2,2,0.698,1,3,1.355301147,5
4,2,1,2,0.848,0,1,2.343010456,4
4,2,2,2,0.6,1,2,0.96944755,5
4,2,1,1,0.784,1,3,1.011850352,6
4,2,1,2,0.501,0,2,1.85505106,7
4,2,1,1,0.514,1,2,1.565878641,8
4,2,2,2,0.697,1,1,1.617634991,9
4,2,2,2,0.76,1,1,1.600589283,10
4,2,2,2,0.896,1,2,1.682825108,11
4,2,2,2,0.903,1,3,1.992526891,12
4,2,1,2,0.706,0,2,1.658756473,11
4,2,2,2,0.661,1,3,0.920544488,12
4,2,2,2,0.704,1,2,0.71119843,13
4,2,2,2,0.535,1,2,0.868087563,12
4,2,2,2,0.823,1,2,0.724019364,13
4,2,2,2,0.933,1,3,0.698037509,14
4,2,2,2,0.875,1,2,0.90357684,15
4,2,1,2,0.923,0,2,0.701286711,14
4,2,1,2,0.661,0,1,0.661368369,13
4,2,1,2,0.543,0,1,0.963885987,14
4,2,2,2,1,1,2,1.599603321,15
4,2,2,1,0.721,0,1,1.722933287,14
4,2,1,1,0.5,1,2,1.718161317,13
4,2,2,1,0.536,0,1,1.321432327,12
4,2,2,2,1,1,1,1.168439162,13
4,2,1,2,0.719,0,1,1.033645294,12
4,2,2,2,0.574,1,2,0.732707231,13
4,2,2,2,0.791,1,3,0.735936387,14
4,3,1,1,0.899,1,2,2.027909843,1
4,3,1,1,0.644,1,3,1.547047122,2
4,3,2,1,0.894,0,1,1.384558388,1
4,3,1,2,0.654,0,1,0.730538653,0
4,3,2,2,0.942,1,3,1.431760072,1
4,3,1,1,0.606,1,2,0.880635738,2
4,3,2,2,0.829,1,2,0.799608697,3
4,3,1,1,0.845,1,3,0.810375304,4
4,3,2,2,0.576,1,1,0.972801957,3
4,3,1,1,0.58,1,2,0.751800981,4
4,3,1,2,0.863,0,3,0.644146529,3
4,3,2,2,0.501,1,1,7.086025924,4
4,3,2,2,0.501,1,2,19.19050928,5
4,3,1,1,1,1,2,1.277040588,6
4,3,1,1,0.824,1,2,1.260691917,7
4,3,1,1,0.832,1,2,1.180133097,8
4,3,1,1,0.52,1,2,1.279055036,9
4,3,2,2,0.862,1,2,1.061548234,10
4,3,1,1,0.905,1,2,4.190264561,11
4,3,1,2,0.898,0,3,0.780961254,10
4,3,1,2,0.56,0,2,0.856345924,9
4,3,1,1,1,1,3,1.183954861,10
4,3,1,2,0.521,0,1,0.932273805,9
4,3,1,1,0.762,1,2,1.106585919,10
4,3,2,1,0.528,0,1,2.159078155,9
4,3,2,1,0.863,0,3,0.947757409,8
4,3,2,2,0.834,1,3,0.615442771,9
4,3,1,1,0.736,1,3,1.193624899,10
4,3,1,1,0.977,1,3,1.45836216,11
4,3,1,1,0.761,1,2,0.899945495,12
4,3,2,2,0.735,1,2,0.88143415,13
4,3,2,2,0.519,1,1,0.785229103,14
4,3,2,2,0.668,1,1,0.859914364,13
4,3,1,2,0.691,0,2,0.892140416,14
4,3,1,1,0.936,1,3,0.883880221,15
4,3,1,2,0.752,0,1,0.708363542,14
4,3,1,2,0.634,0,2,0.761640535,13
4,3,2,2,0.624,1,2,0.604742445,14
4,3,2,2,1,1,1,1.232425998,15
4,3,2,2,1,1,3,1.218218369,16
5,1,2,2,1,1,3,2.680763039,1
5,1,2,2,0.989,1,3,1.547793224,2
5,1,1,1,1,1,2,1.51052512,3
5,1,2,2,1,1,3,1.634977277,4
5,1,1,1,0.987,1,3,1.379832403,5
5,1,2,2,0.989,1,3,1.198493048,6
5,1,2,2,0.979,1,1,1.184398492,7
5,1,2,2,1,1,3,1.068062915,8
5,1,2,2,1,1,1,0.993566658,9
5,1,1,1,0.985,1,1,1.107217273,10
5,1,1,1,1,1,3,1.115858134,11
5,1,2,2,0.99,1,1,0.839077275,12
5,1,2,2,1,1,3,0.904664742,13
5,1,1,1,1,1,1,1.167766402,14
5,1,2,2,1,1,2,1.353035599,15
5,2,2,2,1,1,3,1.265345192,1
5,2,1,1,0.513,1,1,1.951998617,2
5,2,2,2,0.513,1,2,1.018798892,3
5,2,2,2,1,1,3,0.883287018,4
5,2,2,2,0.507,1,1,0.937867192,5
5,2,2,1,0.505,0,1,1.093635227,6
5,2,2,1,0.508,0,1,1.140877079,7
5,2,1,2,0.518,0,2,1.089127695,8
5,2,1,2,0.501,0,2,1.32549103,9
5,2,1,2,0.524,0,2,1.309747084,8
5,2,2,2,1,1,2,0.850151876,9
5,2,1,2,0.522,0,1,1.4906117,8
5,2,1,1,0.52,1,1,1.015940819,7
5,2,1,1,0.587,1,3,1.896860802,8
5,2,2,2,1,1,2,0.998641139,9
5,2,2,2,0.984,1,3,0.991793866,10
5,2,2,2,0.507,1,1,0.907475686,11
5,2,2,2,0.824,1,3,0.802479996,12
5,2,2,2,0.51,1,2,1.218697839,11
5,2,2,2,0.511,1,3,0.877454873,10
5,2,1,2,0.511,0,3,0.972681791,11
5,2,1,1,0.511,1,1,1.143392986,10
5,2,2,2,0.53,1,1,0.892629404,11
5,2,1,2,0.507,0,2,0.939242671,10
5,2,1,1,1,1,1,1.031212149,11
5,2,1,2,0.507,0,3,1.057451525,10
5,2,2,2,0.502,1,2,1.536235486,9
5,2,2,2,0.985,1,3,0.940959262,10
5,2,1,1,0.707,1,2,1.279936746,11
5,2,2,2,0.943,1,3,0.992300825,12
5,2,1,1,0.517,1,1,1.073972514,13
5,2,2,2,0.841,1,2,1.216391497,14
5,2,1,1,0.801,1,3,1.257502986,15
5,2,1,2,0.511,0,1,1.018042516,14
5,2,1,1,0.695,1,1,1.419696623,15
5,2,2,2,1,1,2,0.908070882,16
5,2,1,1,1,1,3,0.851238798,17
5,2,2,2,0.692,1,1,1.082507409,18
5,2,2,1,0.523,0,1,1.033813708,19
5,2,1,1,1,1,2,1.088763068,20
5,3,2,1,0.672,0,3,1.301978006,1
5,3,1,2,0.517,0,3,0.945748176,2
5,3,2,2,1,1,2,0.861620237,3
5,3,2,1,0.51,0,3,0.82894978,2
5,3,1,1,1,1,1,0.74281856,3
5,3,1,1,0.501,1,2,1.02758825,4
5,3,2,2,0.675,1,3,0.81309262,5
5,3,2,1,1,0,2,0.79991707,4
5,3,1,1,1,1,1,0.842783361,5
5,3,2,2,0.507,1,1,0.787944289,6
5,3,2,2,0.715,1,3,1.486956699,7
5,3,1,1,1,1,3,0.764221989,8
5,3,1,1,0.604,1,3,0.727629615,9
5,3,2,2,0.513,1,1,0.956946191,10
5,3,2,1,0.731,0,1,0.706408067,9
5,3,1,1,0.743,1,3,1.008629516,10
5,3,1,1,0.517,1,3,0.857413795,11
5,3,2,2,0.501,1,1,0.794603523,12
5,3,2,2,0.663,1,1,0.812983746,13
5,3,1,1,0.832,1,1,0.855388489,14
5,3,1,1,0.51,1,2,0.879139798,15
5,3,2,2,0.516,1,2,0.87134931,16
5,3,2,2,0.511,1,1,1.279327778,17
5,3,2,2,0.754,1,1,1.252646999,18
5,3,1,1,1,1,1,0.996751511,19
5,3,2,2,0.514,1,1,0.99111207,18
5,3,1,1,1,1,3,1.153497818,19
5,3,1,2,0.626,0,2,1.302982914,20
5,3,2,2,0.502,1,2,1.085039392,21
5,3,1,1,0.856,1,1,0.850814941,22
5,3,1,1,0.83,1,2,0.939587452,23
5,3,1,1,1,1,2,0.825023283,24
5,3,1,1,0.597,1,2,1.762180311,25
5,3,2,2,0.608,1,2,0.74996355,26
5,3,2,2,0.6,1,2,1.4813938,27
5,3,1,1,1,1,2,1.047393423,28
5,3,1,1,0.509,1,2,0.88859941,29
5,3,1,1,1,1,3,0.888357321,30
5,3,2,2,1,1,3,0.830838991,31
5,3,1,1,0.519,1,1,0.88056619,32
6,1,1,2,0.501,0,3,10.76752517,1
6,1,1,1,0.599,1,1,12.86930437,0
6,1,2,2,0.599,1,1,14.8393203,1
6,1,2,2,0.699,1,3,4.538402567,2
6,1,2,2,1,1,2,3.932231901,3
6,1,1,1,0.695,1,3,3.276767916,4
6,1,2,1,0.5,0,2,2.114722572,5
6,1,1,1,1,1,2,3.311767757,6
6,1,2,2,0.801,1,1,2.217039654,7
6,1,1,1,0.998,1,2,2.322192198,8
6,1,2,1,0.998,0,2,2.207079925,7
6,1,2,2,1,1,1,1.951317452,8
6,1,1,1,0.997,1,3,1.875355292,9
6,1,1,1,0.995,1,3,1.369555362,10
6,1,2,2,1,1,2,2.683844241,11
6,2,1,1,0.598,1,3,5.094691013,1
6,2,2,2,0.799,1,3,3.069604629,2
6,2,2,2,0.897,1,1,2.155065445,3
6,2,2,2,0.901,1,1,3.639099262,4
6,2,2,2,0.899,1,1,1.46161365,5
6,2,1,2,0.598,0,1,1.283867872,6
6,2,1,1,0.6,1,1,1.051526364,7
6,2,1,2,0.602,0,2,1.211875651,8
6,2,1,2,0.506,0,3,1.342633979,9
6,2,2,2,0.512,1,2,1.706747511,10
6,2,2,2,0.945,1,3,1.798457361,11
6,2,2,2,0.862,1,2,1.687679527,12
6,2,1,1,0.652,1,2,4.125912198,13
6,2,2,1,0.806,0,1,1.264709247,12
6,2,2,1,0.599,0,1,1.440208529,11
6,2,2,2,0.701,1,3,1.640309073,12
6,2,1,1,0.5,1,3,1.84792964,13
6,2,1,2,0.55,0,1,1.215413041,12
6,2,2,1,0.5,0,1,1.185705225,11
6,2,2,1,0.598,0,1,3.620169234,10
6,2,1,2,0.579,0,1,1.507388514,11
6,2,1,2,0.64,0,1,2.297007835,10
6,2,2,2,0.501,1,1,1.462210159,11
6,2,1,1,0.597,1,2,1.348671871,12
6,2,1,1,0.605,1,3,3.63469877,13
6,2,2,2,0.703,1,2,3.752886971,14
6,2,1,1,1,1,3,1.905666202,15
6,2,1,1,0.996,1,3,2.310558142,16
6,2,1,1,0.997,1,3,1.634406046,17
6,2,2,2,0.693,1,2,2.155647493,16
6,2,1,1,0.996,1,3,2.014593632,17
6,2,1,2,0.602,0,1,2.496013329,18
6,2,2,2,0.599,1,1,2.13933737,19
6,2,2,2,0.544,1,1,1.128062726,18
6,2,1,2,0.501,0,2,1.27838108,17
6,2,1,2,0.598,0,1,2.274716394,16
6,2,2,2,0.551,1,1,1.36257555,17
6,2,1,2,0.701,0,1,1.734750312,16
6,2,1,2,0.598,0,2,2.170904222,15
6,2,1,2,0.608,0,2,1.668702923,14
6,3,1,2,0.602,0,1,1.646579264,-1
6,3,1,2,0.6,0,2,1.315409646,-2
6,3,2,2,0.501,1,2,1.954577917,-1
6,3,1,2,0.602,0,2,2.508422135,-2
6,3,2,1,0.591,0,2,1.44769773,-3
6,3,2,1,0.588,0,2,1.98432793,-2
6,3,1,1,0.531,1,1,2.546103825,-1
6,3,2,1,0.521,0,3,1.261035547,-2
6,3,2,2,0.515,1,3,1.213406472,-1
6,3,1,2,0.606,0,3,1.254497743,-2
6,3,1,2,0.587,0,2,1.684191006,-3
6,3,2,2,0.601,1,1,2.860605956,-2
6,3,2,2,0.712,1,3,1.656497108,-1
6,3,1,2,0.552,0,2,1.024621708,-2
6,3,2,1,0.537,0,1,0.802333066,-3
6,3,2,2,0.611,1,2,1.035735806,-2
6,3,2,2,0.72,1,2,1.613134371,-3
6,3,2,2,0.574,1,2,1.173906351,-4
6,3,1,2,0.553,0,1,0.881325673,-5
6,3,1,2,0.563,0,1,0.888191253,-4
6,3,2,2,0.598,1,3,0.718203792,-3
6,3,2,2,0.767,1,1,0.930923111,-2
6,3,1,2,0.562,0,3,0.705402488,-1
6,3,2,2,0.62,1,3,1.055867455,0
6,3,1,1,0.917,1,3,1.374408133,1
6,3,2,2,0.542,1,1,1.538300131,2
6,3,2,2,0.509,1,2,2.333819036,3
6,3,1,2,0.538,0,1,1.792604405,4
6,3,1,1,0.6,1,3,1.78647293,5
6,3,2,2,0.574,1,1,1.068795455,4
6,3,2,2,0.548,1,2,0.842961751,5
6,3,1,1,0.574,1,2,0.820383013,6
6,3,1,2,0.629,0,3,0.838088422,5
6,3,1,1,0.557,1,2,0.782275821,6
6,3,1,2,0.58,0,1,0.554366482,5
6,3,1,1,0.538,1,3,0.678800018,4
6,3,2,2,0.565,1,3,0.702208683,5
6,3,2,2,0.505,1,1,1.268049873,6
6,3,2,1,0.527,0,2,0.754916931,5
6,3,2,2,0.601,1,3,3.046637693,6
7,1,2,2,0.801,1,3,6.855219777,1
7,1,1,1,0.797,1,2,2.479307537,2
7,1,1,1,0.898,1,1,2.883196848,3
7,1,1,1,0.9,1,1,2.433017362,4
7,1,1,1,0.901,1,1,1.793619149,5
7,1,2,2,0.904,1,2,1.994530123,6
7,1,2,2,0.804,1,1,1.925644638,7
7,1,2,2,0.807,1,3,2.186146469,8
7,1,1,1,0.997,1,1,1.418592121,9
7,1,1,1,0.993,1,3,1.565274206,10
7,1,2,2,1,1,1,1.896786008,11
7,1,1,1,0.995,1,1,2.013528618,12
7,1,1,1,0.995,1,3,1.342060139,13
7,1,2,2,0.906,1,3,1.723180684,14
7,1,1,1,0.896,1,3,1.693933447,15
7,2,1,1,0.755,1,3,1.35352651,1
7,2,1,1,0.76,1,3,1.00960115,2
7,2,2,1,0.637,0,2,1.092803839,1
7,2,1,1,0.55,1,1,1.362644868,2
7,2,2,1,0.638,0,1,0.918440854,3
7,2,1,1,0.582,1,1,1.228419431,2
7,2,1,1,0.788,1,3,1.605491698,3
7,2,2,2,0.639,1,1,1.622786014,2
7,2,1,1,0.653,1,1,0.872304825,3
7,2,1,2,0.569,0,2,1.079069704,2
7,2,2,2,0.556,1,2,0.9181776,3
7,2,2,1,0.654,0,2,0.900312915,2
7,2,2,2,0.642,1,2,1.114309808,3
7,2,1,1,0.557,1,1,1.104362926,2
7,2,2,2,0.636,1,2,0.982693495,3
7,2,2,1,0.609,0,1,1.299090494,2
7,2,2,1,0.555,0,1,0.951948381,1
7,2,1,1,0.615,1,2,1.781589778,0
7,2,1,1,0.693,1,3,1.07976386,1
7,2,1,1,0.568,1,2,0.893807948,2
7,2,2,2,0.597,1,3,0.941260371,3
7,2,2,2,0.54,1,2,0.866730029,4
7,2,2,2,0.619,1,2,0.945304012,5
7,2,1,1,0.67,1,2,0.742577847,6
7,2,2,2,0.568,1,1,0.875838124,7
7,2,2,1,0.653,0,1,0.75475168,6
7,2,2,1,0.55,0,1,0.990625308,7
7,2,1,1,0.585,1,2,1.235212594,8
7,2,2,2,0.661,1,3,0.700574097,9
7,2,2,1,0.606,0,1,0.946897431,8
7,2,2,2,0.616,1,2,0.775036896,9
7,2,1,1,0.625,1,1,0.739553177,10
7,2,1,1,0.587,1,3,0.695274331,11
7,2,1,1,0.602,1,2,1.605686585,12
7,2,2,1,0.603,0,1,1.511136657,13
7,2,1,1,0.658,1,3,1.220782491,14
7,2,2,1,0.665,0,1,1.5672876,13
7,2,2,1,0.6,0,1,1.264944071,14
7,2,1,2,0.593,0,3,0.994248749,13
7,2,2,2,0.656,1,1,0.900136256,12
7,3,2,2,0.791,1,2,1.64868028,1
7,3,2,2,0.642,1,2,0.998562181,2
7,3,1,2,0.591,0,2,1.121551909,1
7,3,1,1,0.666,1,1,0.926837245,2
7,3,1,1,0.694,1,1,1.148803858,3
7,3,2,2,0.633,1,2,0.896076233,2
7,3,1,1,0.542,1,2,1.135703205,3
7,3,2,2,0.691,1,1,1.035949456,4
7,3,1,1,0.62,1,2,1.347128175,5
7,3,2,1,0.724,0,2,1.015885135,4
7,3,1,1,0.707,1,3,1.049665087,5
7,3,2,1,0.539,0,2,0.955378492,4
7,3,1,1,0.66,1,2,1.223079372,5
7,3,1,1,0.629,1,1,1.008022204,6
7,3,1,1,0.673,1,3,0.801202856,7
7,3,2,2,0.596,1,2,0.781627223,8
7,3,2,1,0.545,0,2,1.017164534,9
7,3,2,1,0.614,0,1,1.08265176,8
7,3,1,1,0.636,1,1,0.985318019,9
7,3,1,1,0.577,1,2,1.084029482,10
7,3,2,1,0.746,0,1,0.859190084,9
7,3,2,2,0.647,1,3,1.068675995,10
7,3,1,1,0.576,1,1,0.794679403,11
7,3,1,1,0.613,1,2,0.773085402,12
7,3,1,1,0.566,1,2,0.737163155,13
7,3,2,2,0.635,1,3,0.814964495,14
7,3,1,1,0.592,1,2,0.736589365,15
7,3,1,1,0.607,1,2,1.349337011,16
7,3,1,1,0.554,1,1,0.842096272,17
7,3,1,1,0.645,1,1,1.019153364,18
7,3,1,1,0.558,1,3,0.874503911,19
7,3,1,2,0.603,0,2,0.7631268,20
7,3,2,1,0.572,0,1,1.279584898,21
7,3,2,1,0.578,0,3,1.031267583,22
7,3,2,1,0.52,0,3,0.896531975,21
7,3,2,2,0.626,1,3,0.790860433,22
7,3,1,2,0.59,0,1,0.921988719,23
7,3,2,1,0.564,0,1,1.039014902,22
7,3,1,1,0.702,1,2,0.887495132,23
7,3,1,1,0.557,1,1,0.941014536,24
8,1,1,2,0.505,0,3,4.804800424,-1
8,1,1,2,0.501,0,3,9.814742903,-2
8,1,2,2,1,1,1,2.51125075,-1
8,1,2,2,1,1,3,1.731378919,0
8,1,1,1,0.599,1,1,1.528039163,1
8,1,2,2,0.995,1,3,1.795974615,2
8,1,2,2,1,1,1,1.616106336,3
8,1,2,2,0.998,1,2,1.662904862,4
8,1,1,1,0.993,1,1,1.487214116,5
8,1,2,2,0.999,1,3,1.219766336,6
8,1,2,2,1,1,2,1.644345333,7
8,1,1,1,1,1,2,1.060842274,8
8,1,2,2,0.993,1,1,1.220939601,9
8,1,2,2,0.997,1,1,1.285404725,10
8,1,1,1,1,1,3,1.005655968,11
8,2,1,1,0.994,1,2,1.679447103,1
8,2,2,2,0.616,1,1,1.179592545,0
8,2,1,2,0.501,0,1,1.09493086,-1
8,2,1,1,0.999,1,2,1.269247949,0
8,2,1,1,1,1,2,1.315670019,1
8,2,2,2,0.585,1,3,1.082045964,2
8,2,2,1,0.624,0,1,1.870155386,3
8,2,2,2,0.501,1,2,0.78978354,4
8,2,1,2,0.501,0,1,1.144564594,5
8,2,1,1,1,1,2,1.059848632,6
8,2,2,2,1,1,3,1.246111897,7
8,2,1,1,1,1,1,1.052694504,8
8,2,1,1,1,1,1,0.965376437,9
8,2,1,1,1,1,1,0.985160408,10
8,2,1,1,1,1,1,1.188021733,11
8,2,2,2,0.576,1,3,1.341092087,12
8,2,1,1,0.634,1,2,1.57766103,13
8,2,1,1,1,1,2,0.915147624,14
8,2,2,2,0.975,1,3,1.473514788,15
8,2,2,2,1,1,2,1.072474159,16
8,2,2,1,0.954,0,1,1.046701245,15
8,2,1,1,1,1,2,0.895279205,16
8,2,2,2,1,1,3,2.270869186,17
8,2,2,2,1,1,3,1.116085919,18
8,2,1,1,0.626,1,1,1.328837929,19
8,2,1,1,0.564,1,2,1.046649097,20
8,2,2,2,0.617,1,1,0.728509332,21
8,2,1,1,0.591,1,1,0.812333015,22
8,2,1,1,1,1,3,0.720392023,23
8,2,2,1,1,0,1,0.643329954,22
8,2,2,2,0.501,1,2,0.974386115,23
8,2,1,1,0.912,1,2,0.929920496,24
8,2,2,2,0.501,1,1,1.286346274,25
8,2,1,1,1,1,3,0.756357495,26
8,2,2,2,0.501,1,2,0.730587151,27
8,2,2,2,0.532,1,3,1.51821011,28
8,2,2,2,0.521,1,2,1.355042393,27
8,2,2,2,0.597,1,3,1.070478003,28
8,2,1,1,1,1,3,0.837817712,29
8,2,1,1,0.506,1,2,1.838513397,30
8,3,1,1,0.994,1,2,2.236156576,1
8,3,1,2,0.997,0,1,1.271467523,0
8,3,1,1,0.704,1,1,2.030984254,1
8,3,2,2,1,1,3,1.447576917,2
8,3,2,2,1,1,2,1.269980582,3
8,3,1,1,0.893,1,2,3.663001983,4
8,3,2,2,0.719,1,2,1.868502367,5
8,3,2,2,0.531,1,2,1.55544512,6
8,3,1,1,0.916,1,3,2.062648632,7
8,3,1,1,0.988,1,3,1.451648632,8
8,3,1,1,0.506,1,2,0.965409187,9
8,3,2,2,0.521,1,2,1.127490132,10
8,3,2,2,1,1,2,2.924956901,11
8,3,2,2,1,1,2,1.353417975,12
8,3,1,1,0.515,1,1,2.525022629,13
8,3,1,1,0.605,1,1,1.128058197,14
8,3,2,2,0.884,1,1,1.349667742,15
8,3,1,2,0.514,0,1,1.088642548,16
8,3,2,2,0.782,1,3,1.152071981,17
8,3,2,2,0.98,1,3,1.005139301,18
8,3,1,1,0.533,1,1,1.119704732,17
8,3,1,1,0.626,1,1,0.740489514,16
8,3,2,2,0.564,1,1,1.30438834,17
8,3,1,1,0.819,1,1,1.358842035,18
8,3,1,1,0.532,1,1,0.889716808,19
8,3,2,2,0.968,1,3,1.344399073,20
8,3,2,2,1,1,2,1.229240042,21
8,3,2,2,1,1,2,0.942443096,22
8,3,1,1,1,1,2,1.065948435,23
8,3,2,2,0.52,1,2,1.034941781,24
8,3,1,1,0.526,1,2,0.811217649,25
8,3,1,1,0.711,1,3,1.437052093,26
8,3,2,2,0.698,1,2,1.036392844,27
8,3,1,1,0.778,1,2,1.285016664,28
8,3,2,2,0.528,1,2,0.668268732,27
8,3,1,2,0.633,0,1,1.029113676,26
8,3,2,2,0.573,1,3,0.758162657,27
8,3,2,1,0.547,0,1,0.689872113,26
8,3,1,1,0.695,1,2,1.305041478,27
8,3,1,1,0.533,1,2,0.679510381,28
9,1,1,1,0.598,1,2,7.661839672,1
9,1,2,1,0.699,0,1,4.43946267,0
9,1,1,1,0.5,1,3,2.658959495,1
9,1,1,2,0.805,0,1,3.794491427,0
9,1,2,2,0.597,1,2,6.001940109,1
9,1,1,1,0.804,1,3,2.175259027,2
9,1,1,1,0.801,1,3,2.016368541,3
9,1,2,2,0.902,1,3,1.960654165,4
9,1,2,2,1,1,1,2.371916227,5
9,1,2,2,0.998,1,3,2.980478283,6
9,1,1,1,0.998,1,2,1.877593969,7
9,1,1,1,0.996,1,2,2.693963062,8
9,1,1,1,1,1,1,2.321628135,9
9,1,1,1,0.998,1,1,2.660794635,10
9,1,2,2,1,1,1,3.219862873,11
9,2,1,1,0.899,1,2,3.032634521,1
9,2,1,1,0.904,1,2,1.668164014,2
9,2,2,2,0.814,1,1,1.411912431,3
9,2,1,1,0.602,1,1,2.245820946,4
9,2,1,2,0.602,0,1,1.572354765,3
9,2,1,1,0.609,1,1,1.343000496,4
9,2,1,1,0.689,1,2,1.211436779,5
9,2,2,2,0.986,1,3,1.277327205,6
9,2,1,2,0.505,0,2,2.436352708,7
9,2,2,2,0.536,1,3,1.988488479,8
9,2,1,1,0.655,1,2,1.412726415,9
9,2,2,1,0.614,0,2,1.534666196,10
9,2,1,1,0.554,1,1,1.21711062,9
9,2,2,1,0.566,0,1,1.141213225,8
9,2,1,1,0.799,1,2,1.273199061,9
9,2,2,2,0.984,1,3,0.928650857,10
9,2,2,2,0.973,1,3,1.430140926,11
9,2,2,1,0.633,0,2,0.951268608,10
9,2,2,2,0.751,1,2,1.011452711,11
9,2,2,2,0.625,1,3,1.277548327,12
9,2,2,1,0.531,0,1,1.060450319,11
9,2,1,1,0.601,1,2,1.037463362,12
9,2,2,2,0.763,1,2,1.060073715,13
9,2,2,1,0.701,0,2,0.909263808,12
9,2,1,1,0.692,1,1,1.427042748,13
9,2,2,2,0.555,1,2,2.269043985,14
9,2,1,1,0.948,1,2,1.321867603,15
9,2,2,2,0.972,1,2,1.023981426,16
9,2,1,2,0.526,0,1,3.360715109,17
9,2,1,1,0.777,1,1,1.057843028,18
9,2,2,2,0.828,1,1,0.897258812,19
9,2,1,1,0.754,1,1,1.047484366,20
9,2,2,2,0.624,1,2,0.88136354,21
9,2,1,1,0.901,1,2,1.280408334,22
9,2,1,2,0.58,0,2,1.183773562,21
9,2,1,1,0.777,1,3,0.913364898,22
9,2,1,2,0.591,0,3,0.809716077,21
9,2,2,2,0.865,1,1,1.075929925,22
9,2,2,2,0.984,1,3,1.074916647,23
9,2,1,2,0.803,0,1,0.882054034,24
9,3,1,1,0.596,1,1,2.560398517,1
9,3,2,2,0.944,1,3,1.23357476,2
9,3,2,1,0.662,0,2,0.794799732,1
9,3,2,2,0.656,1,1,0.980485997,2
9,3,2,2,0.897,1,1,1.088371205,3
9,3,1,2,0.669,0,2,0.832189641,2
9,3,1,1,0.62,1,2,1.072883426,3
9,3,1,2,0.572,0,2,0.984103652,4
9,3,1,1,0.532,1,2,2.002633129,5
9,3,2,2,0.91,1,1,0.964609836,6
9,3,1,2,0.543,0,2,1.049876724,5
9,3,2,2,0.653,1,2,1.024663695,6
9,3,1,1,0.542,1,2,1.474978702,7
9,3,2,2,0.576,1,1,1.042594822,8
9,3,2,2,0.892,1,3,1.040676122,9
9,3,2,2,0.597,1,1,0.937359135,10
9,3,2,2,0.545,1,1,0.870653859,11
9,3,2,2,0.636,1,2,0.99865373,12
9,3,2,2,0.854,1,3,1.058379894,13
9,3,1,1,0.604,1,3,1.145480099,14
9,3,2,2,0.727,1,2,0.885070176,15
9,3,2,2,0.53,1,1,1.077125287,14
9,3,2,1,0.544,0,1,1.245316952,15
9,3,1,1,0.558,1,3,1.578962063,16
9,3,2,1,0.543,0,3,1.527367871,15
9,3,1,1,0.531,1,1,0.954729848,16
9,3,1,2,0.545,0,3,1.656268919,15
9,3,1,1,0.616,1,1,1.039786817,16
9,3,1,2,0.616,0,2,0.880115125,15
9,3,1,1,0.576,1,3,1.134078463,16
9,3,2,2,0.595,1,1,1.348768683,17
9,3,2,2,0.558,1,1,0.784128068,18
9,3,1,2,0.561,0,2,0.884135441,19
9,3,1,2,0.561,0,2,0.954439452,18
9,3,2,1,0.518,0,2,1.437994084,17
9,3,1,2,0.565,0,1,0.728634107,16
9,3,1,1,0.601,1,3,0.885693785,15
9,3,1,2,0.637,0,1,0.892091558,14
9,3,1,1,0.667,1,2,1.331387153,15
9,3,2,2,0.683,1,2,0.896336774,16
